timestamp,db_name,cpu_usage,active_sessions,lock_sessions,alertlog_count
2026-06-01 00:00:00,PROD_DB,73,279,12,24
2026-06-01 00:00:00,DEV_DB,20,90,4,6
2026-06-01 00:00:00,TEST_DB,30,114,2,7
2026-06-01 00:30:00,PROD_DB,70,203,7,12
2026-06-01 00:30:00,DEV_DB,31,82,1,7
2026-06-01 00:30:00,TEST_DB,16,69,5,1
2026-06-01 01:00:00,PROD_DB,55,260,11,35
2026-06-01 01:00:00,DEV_DB,31,78,2,9
2026-06-01 01:00:00,TEST_DB,32,99,7,14
2026-06-01 01:30:00,PROD_DB,37,150,6,30
2026-06-01 01:30:00,DEV_DB,18,68,1,3
2026-06-01 01:30:00,TEST_DB,29,99,5,1
2026-06-01 02:00:00,PROD_DB,43,189,4,11
2026-06-01 02:00:00,DEV_DB,29,89,3,7
2026-06-01 02:00:00,TEST_DB,19,74,5,0
2026-06-01 02:30:00,PROD_DB,70,149,7,13
2026-06-01 02:30:00,DEV_DB,11,35,1,3
2026-06-01 02:30:00,TEST_DB,26,102,1,9
2026-06-01 03:00:00,PROD_DB,68,289,3,23
2026-06-01 03:00:00,DEV_DB,25,44,3,8
2026-06-01 03:00:00,TEST_DB,34,79,4,12
2026-06-01 03:30:00,PROD_DB,52,210,4,33
2026-06-01 03:30:00,DEV_DB,35,89,3,8
2026-06-01 03:30:00,TEST_DB,33,54,4,0
2026-06-01 04:00:00,PROD_DB,59,170,8,33
2026-06-01 04:00:00,DEV_DB,10,37,2,2
2026-06-01 04:00:00,TEST_DB,21,47,2,2
2026-06-01 04:30:00,PROD_DB,67,222,4,19
2026-06-01 04:30:00,DEV_DB,16,70,3,6
2026-06-01 04:30:00,TEST_DB,13,111,3,1
2026-06-01 05:00:00,PROD_DB,67,147,6,32
2026-06-01 05:00:00,DEV_DB,39,66,2,7
2026-06-01 05:00:00,TEST_DB,26,74,0,2
2026-06-01 05:30:00,PROD_DB,71,274,13,12
2026-06-01 05:30:00,DEV_DB,10,34,1,6
2026-06-01 05:30:00,TEST_DB,18,66,0,14
2026-06-01 06:00:00,PROD_DB,49,189,9,37
2026-06-01 06:00:00,DEV_DB,22,80,0,3
2026-06-01 06:00:00,TEST_DB,33,43,5,4
2026-06-01 06:30:00,PROD_DB,57,242,10,38
2026-06-01 06:30:00,DEV_DB,13,42,2,2
2026-06-01 06:30:00,TEST_DB,26,67,1,9
2026-06-01 07:00:00,PROD_DB,40,127,11,21
2026-06-01 07:00:00,DEV_DB,21,59,2,9
2026-06-01 07:00:00,TEST_DB,27,101,0,0
2026-06-01 07:30:00,PROD_DB,61,289,8,29
2026-06-01 07:30:00,DEV_DB,22,32,2,8
2026-06-01 07:30:00,TEST_DB,34,76,0,2
2026-06-01 08:00:00,PROD_DB,58,158,5,33
2026-06-01 08:00:00,DEV_DB,18,81,0,0
2026-06-01 08:00:00,TEST_DB,30,91,3,13
2026-06-01 08:30:00,PROD_DB,73,229,2,26
2026-06-01 08:30:00,DEV_DB,14,85,0,0
2026-06-01 08:30:00,TEST_DB,6,41,3,5
2026-06-01 09:00:00,PROD_DB,57,228,2,39
2026-06-01 09:00:00,DEV_DB,11,82,3,9
2026-06-01 09:00:00,TEST_DB,10,71,6,3
2026-06-01 09:30:00,PROD_DB,45,283,10,26
2026-06-01 09:30:00,DEV_DB,15,53,4,3
2026-06-01 09:30:00,TEST_DB,6,109,5,10
2026-06-01 10:00:00,PROD_DB,50,196,8,37
2026-06-01 10:00:00,DEV_DB,36,99,4,2
2026-06-01 10:00:00,TEST_DB,24,98,3,2
2026-06-01 10:30:00,PROD_DB,60,294,14,28
2026-06-01 10:30:00,DEV_DB,29,81,0,0
2026-06-01 10:30:00,TEST_DB,12,78,1,7
2026-06-01 11:00:00,PROD_DB,35,110,11,34
2026-06-01 11:00:00,DEV_DB,34,79,1,2
2026-06-01 11:00:00,TEST_DB,11,55,1,8
2026-06-01 11:30:00,PROD_DB,36,228,13,21
2026-06-01 11:30:00,DEV_DB,14,66,2,6
2026-06-01 11:30:00,TEST_DB,13,58,7,2
2026-06-01 12:00:00,PROD_DB,54,251,5,33
2026-06-01 12:00:00,DEV_DB,10,53,3,0
2026-06-01 12:00:00,TEST_DB,12,75,5,7
2026-06-01 12:30:00,PROD_DB,54,211,13,34
2026-06-01 12:30:00,DEV_DB,12,54,4,1
2026-06-01 12:30:00,TEST_DB,18,105,5,2
2026-06-01 13:00:00,PROD_DB,50,288,8,13
2026-06-01 13:00:00,DEV_DB,10,97,0,4
2026-06-01 13:00:00,TEST_DB,20,59,7,7
2026-06-01 13:30:00,PROD_DB,41,294,0,10
2026-06-01 13:30:00,DEV_DB,25,88,2,5
2026-06-01 13:30:00,TEST_DB,27,61,5,13
2026-06-01 14:00:00,PROD_DB,72,208,2,31
2026-06-01 14:00:00,DEV_DB,17,56,2,1
2026-06-01 14:00:00,TEST_DB,25,69,0,11
2026-06-01 14:30:00,PROD_DB,67,296,11,38
2026-06-01 14:30:00,DEV_DB,25,48,3,2
2026-06-01 14:30:00,TEST_DB,21,56,3,11
2026-06-01 15:00:00,PROD_DB,64,145,4,15
2026-06-01 15:00:00,DEV_DB,12,66,4,0
2026-06-01 15:00:00,TEST_DB,18,92,6,2
2026-06-01 15:30:00,PROD_DB,67,215,14,38
2026-06-01 15:30:00,DEV_DB,30,61,0,2
2026-06-01 15:30:00,TEST_DB,22,64,1,14
2026-06-01 16:00:00,PROD_DB,37,203,13,33
2026-06-01 16:00:00,DEV_DB,27,61,1,9
2026-06-01 16:00:00,TEST_DB,6,56,7,0
2026-06-01 16:30:00,PROD_DB,43,142,5,25
2026-06-01 16:30:00,DEV_DB,16,71,1,2
2026-06-01 16:30:00,TEST_DB,22,64,7,12
2026-06-01 17:00:00,PROD_DB,41,156,3,22
2026-06-01 17:00:00,DEV_DB,29,94,3,2
2026-06-01 17:00:00,TEST_DB,27,54,3,1
2026-06-01 17:30:00,PROD_DB,36,131,6,31
2026-06-01 17:30:00,DEV_DB,28,54,1,5
2026-06-01 17:30:00,TEST_DB,30,97,5,0
2026-06-01 18:00:00,PROD_DB,40,114,5,20
2026-06-01 18:00:00,DEV_DB,37,37,4,4
2026-06-01 18:00:00,TEST_DB,11,107,5,12
2026-06-01 18:30:00,PROD_DB,66,215,13,24
2026-06-01 18:30:00,DEV_DB,12,84,3,1
2026-06-01 18:30:00,TEST_DB,32,69,2,0
2026-06-01 19:00:00,PROD_DB,53,191,9,32
2026-06-01 19:00:00,DEV_DB,35,91,0,4
2026-06-01 19:00:00,TEST_DB,5,97,1,0
2026-06-01 19:30:00,PROD_DB,68,195,13,31
2026-06-01 19:30:00,DEV_DB,25,30,4,6
2026-06-01 19:30:00,TEST_DB,9,61,4,6
2026-06-01 20:00:00,PROD_DB,37,175,9,25
2026-06-01 20:00:00,DEV_DB,28,86,4,4
2026-06-01 20:00:00,TEST_DB,19,101,3,4
2026-06-01 20:30:00,PROD_DB,46,243,9,35
2026-06-01 20:30:00,DEV_DB,25,68,3,0
2026-06-01 20:30:00,TEST_DB,34,62,1,9
2026-06-01 21:00:00,PROD_DB,39,199,1,29
2026-06-01 21:00:00,DEV_DB,19,48,1,0
2026-06-01 21:00:00,TEST_DB,28,108,4,3
2026-06-01 21:30:00,PROD_DB,50,123,6,11
2026-06-01 21:30:00,DEV_DB,26,61,2,3
2026-06-01 21:30:00,TEST_DB,28,51,1,2
2026-06-01 22:00:00,PROD_DB,67,260,12,28
2026-06-01 22:00:00,DEV_DB,20,41,2,0
2026-06-01 22:00:00,TEST_DB,5,79,1,10
2026-06-01 22:30:00,PROD_DB,63,240,11,23
2026-06-01 22:30:00,DEV_DB,11,64,0,9
2026-06-01 22:30:00,TEST_DB,12,65,1,9
2026-06-01 23:00:00,PROD_DB,68,214,8,16
2026-06-01 23:00:00,DEV_DB,13,87,4,1
2026-06-01 23:00:00,TEST_DB,17,114,4,7
2026-06-01 23:30:00,PROD_DB,70,120,12,34
2026-06-01 23:30:00,DEV_DB,13,39,4,8
2026-06-01 23:30:00,TEST_DB,28,103,2,0
2026-06-02 00:00:00,PROD_DB,69,135,1,26
2026-06-02 00:00:00,DEV_DB,16,53,4,0
2026-06-02 00:00:00,TEST_DB,27,52,6,8
2026-06-02 00:30:00,PROD_DB,69,204,13,26
2026-06-02 00:30:00,DEV_DB,26,91,3,8
2026-06-02 00:30:00,TEST_DB,26,52,2,2
2026-06-02 01:00:00,PROD_DB,70,239,12,18
2026-06-02 01:00:00,DEV_DB,28,38,3,3
2026-06-02 01:00:00,TEST_DB,23,55,4,4
2026-06-02 01:30:00,PROD_DB,69,239,8,29
2026-06-02 01:30:00,DEV_DB,36,82,0,6
2026-06-02 01:30:00,TEST_DB,17,92,1,9
2026-06-02 02:00:00,PROD_DB,73,241,14,35
2026-06-02 02:00:00,DEV_DB,14,64,4,1
2026-06-02 02:00:00,TEST_DB,19,115,0,9
2026-06-02 02:30:00,PROD_DB,51,106,13,22
2026-06-02 02:30:00,DEV_DB,17,71,0,1
2026-06-02 02:30:00,TEST_DB,31,105,4,12
2026-06-02 03:00:00,PROD_DB,71,265,2,17
2026-06-02 03:00:00,DEV_DB,25,94,3,0
2026-06-02 03:00:00,TEST_DB,11,84,3,3
2026-06-02 03:30:00,PROD_DB,40,258,2,38
2026-06-02 03:30:00,DEV_DB,21,83,2,9
2026-06-02 03:30:00,TEST_DB,30,58,6,13
2026-06-02 04:00:00,PROD_DB,37,272,12,27
2026-06-02 04:00:00,DEV_DB,37,87,3,7
2026-06-02 04:00:00,TEST_DB,33,78,0,2
2026-06-02 04:30:00,PROD_DB,47,191,13,34
2026-06-02 04:30:00,DEV_DB,37,54,0,5
2026-06-02 04:30:00,TEST_DB,25,45,1,11
2026-06-02 05:00:00,PROD_DB,66,272,12,24
2026-06-02 05:00:00,DEV_DB,30,65,2,2
2026-06-02 05:00:00,TEST_DB,24,96,1,14
2026-06-02 05:30:00,PROD_DB,48,242,14,10
2026-06-02 05:30:00,DEV_DB,30,83,2,6
2026-06-02 05:30:00,TEST_DB,29,114,3,9
2026-06-02 06:00:00,PROD_DB,66,115,7,15
2026-06-02 06:00:00,DEV_DB,21,53,3,4
2026-06-02 06:00:00,TEST_DB,12,75,1,7
2026-06-02 06:30:00,PROD_DB,62,200,8,13
2026-06-02 06:30:00,DEV_DB,36,92,0,8
2026-06-02 06:30:00,TEST_DB,5,116,3,12
2026-06-02 07:00:00,PROD_DB,47,145,2,38
2026-06-02 07:00:00,DEV_DB,15,98,0,1
2026-06-02 07:00:00,TEST_DB,14,95,5,1
2026-06-02 07:30:00,PROD_DB,39,218,7,10
2026-06-02 07:30:00,DEV_DB,31,94,1,0
2026-06-02 07:30:00,TEST_DB,15,65,6,8
2026-06-02 08:00:00,PROD_DB,56,158,10,26
2026-06-02 08:00:00,DEV_DB,22,62,1,8
2026-06-02 08:00:00,TEST_DB,7,40,4,6
2026-06-02 08:30:00,PROD_DB,40,296,14,14
2026-06-02 08:30:00,DEV_DB,15,32,4,6
2026-06-02 08:30:00,TEST_DB,9,92,4,9
2026-06-02 09:00:00,PROD_DB,44,182,0,30
2026-06-02 09:00:00,DEV_DB,23,30,2,3
2026-06-02 09:00:00,TEST_DB,34,104,0,7
2026-06-02 09:30:00,PROD_DB,66,133,11,17
2026-06-02 09:30:00,DEV_DB,16,55,1,1
2026-06-02 09:30:00,TEST_DB,26,42,2,1
2026-06-02 10:00:00,PROD_DB,46,292,5,21
2026-06-02 10:00:00,DEV_DB,14,86,0,6
2026-06-02 10:00:00,TEST_DB,19,53,1,10
2026-06-02 10:30:00,PROD_DB,73,265,11,11
2026-06-02 10:30:00,DEV_DB,15,79,1,1
2026-06-02 10:30:00,TEST_DB,34,118,2,2
2026-06-02 11:00:00,PROD_DB,68,151,8,15
2026-06-02 11:00:00,DEV_DB,10,59,1,2
2026-06-02 11:00:00,TEST_DB,21,44,4,3
2026-06-02 11:30:00,PROD_DB,44,283,0,19
2026-06-02 11:30:00,DEV_DB,26,98,1,5
2026-06-02 11:30:00,TEST_DB,25,105,4,13
2026-06-02 12:00:00,PROD_DB,45,214,14,34
2026-06-02 12:00:00,DEV_DB,32,84,2,5
2026-06-02 12:00:00,TEST_DB,20,47,3,7
2026-06-02 12:30:00,PROD_DB,38,283,8,12
2026-06-02 12:30:00,DEV_DB,12,56,4,1
2026-06-02 12:30:00,TEST_DB,33,90,2,4
2026-06-02 13:00:00,PROD_DB,39,191,9,38
2026-06-02 13:00:00,DEV_DB,31,50,0,4
2026-06-02 13:00:00,TEST_DB,13,51,1,13
2026-06-02 13:30:00,PROD_DB,68,276,13,35
2026-06-02 13:30:00,DEV_DB,22,56,0,9
2026-06-02 13:30:00,TEST_DB,29,86,0,5
2026-06-02 14:00:00,PROD_DB,64,206,14,25
2026-06-02 14:00:00,DEV_DB,38,55,3,0
2026-06-02 14:00:00,TEST_DB,12,91,6,14
2026-06-02 14:30:00,PROD_DB,56,113,9,37
2026-06-02 14:30:00,DEV_DB,32,31,4,9
2026-06-02 14:30:00,TEST_DB,18,98,7,2
2026-06-02 15:00:00,PROD_DB,41,102,14,32
2026-06-02 15:00:00,DEV_DB,23,47,1,5
2026-06-02 15:00:00,TEST_DB,7,54,7,8
2026-06-02 15:30:00,PROD_DB,71,127,9,16
2026-06-02 15:30:00,DEV_DB,34,46,1,8
2026-06-02 15:30:00,TEST_DB,21,52,3,8
2026-06-02 16:00:00,PROD_DB,38,237,2,18
2026-06-02 16:00:00,DEV_DB,22,47,3,5
2026-06-02 16:00:00,TEST_DB,6,47,7,0
2026-06-02 16:30:00,PROD_DB,53,141,8,14
2026-06-02 16:30:00,DEV_DB,15,81,1,1
2026-06-02 16:30:00,TEST_DB,31,95,2,12
2026-06-02 17:00:00,PROD_DB,40,220,0,30
2026-06-02 17:00:00,DEV_DB,31,50,3,7
2026-06-02 17:00:00,TEST_DB,27,48,6,2
2026-06-02 17:30:00,PROD_DB,65,139,4,13
2026-06-02 17:30:00,DEV_DB,33,35,1,3
2026-06-02 17:30:00,TEST_DB,32,114,3,14
2026-06-02 18:00:00,PROD_DB,40,217,0,39
2026-06-02 18:00:00,DEV_DB,33,80,0,1
2026-06-02 18:00:00,TEST_DB,19,114,7,9
2026-06-02 18:30:00,PROD_DB,39,169,9,31
2026-06-02 18:30:00,DEV_DB,13,48,3,0
2026-06-02 18:30:00,TEST_DB,24,51,6,0
2026-06-02 19:00:00,PROD_DB,60,241,5,14
2026-06-02 19:00:00,DEV_DB,39,40,3,2
2026-06-02 19:00:00,TEST_DB,5,45,1,7
2026-06-02 19:30:00,PROD_DB,44,104,6,19
2026-06-02 19:30:00,DEV_DB,21,31,4,7
2026-06-02 19:30:00,TEST_DB,6,104,6,4
2026-06-02 20:00:00,PROD_DB,43,116,8,20
2026-06-02 20:00:00,DEV_DB,24,53,2,0
2026-06-02 20:00:00,TEST_DB,9,101,3,11
2026-06-02 20:30:00,PROD_DB,48,216,7,20
2026-06-02 20:30:00,DEV_DB,18,63,3,2
2026-06-02 20:30:00,TEST_DB,7,40,7,5
2026-06-02 21:00:00,PROD_DB,63,171,10,18
2026-06-02 21:00:00,DEV_DB,14,43,3,2
2026-06-02 21:00:00,TEST_DB,25,76,4,2
2026-06-02 21:30:00,PROD_DB,48,253,13,13
2026-06-02 21:30:00,DEV_DB,34,71,0,1
2026-06-02 21:30:00,TEST_DB,12,111,6,7
2026-06-02 22:00:00,PROD_DB,48,131,2,38
2026-06-02 22:00:00,DEV_DB,15,52,0,8
2026-06-02 22:00:00,TEST_DB,21,105,5,4
2026-06-02 22:30:00,PROD_DB,74,203,2,16
2026-06-02 22:30:00,DEV_DB,28,99,2,6
2026-06-02 22:30:00,TEST_DB,23,111,1,3
2026-06-02 23:00:00,PROD_DB,49,210,12,10
2026-06-02 23:00:00,DEV_DB,29,56,3,5
2026-06-02 23:00:00,TEST_DB,29,66,6,0
2026-06-02 23:30:00,PROD_DB,38,185,1,19
2026-06-02 23:30:00,DEV_DB,14,67,4,3
2026-06-02 23:30:00,TEST_DB,17,91,7,14
2026-06-03 00:00:00,PROD_DB,63,235,4,38
2026-06-03 00:00:00,DEV_DB,24,97,3,1
2026-06-03 00:00:00,TEST_DB,31,75,3,9
2026-06-03 00:30:00,PROD_DB,61,168,3,20
2026-06-03 00:30:00,DEV_DB,39,67,1,9
2026-06-03 00:30:00,TEST_DB,17,101,1,8
2026-06-03 01:00:00,PROD_DB,67,210,7,37
2026-06-03 01:00:00,DEV_DB,20,97,4,7
2026-06-03 01:00:00,TEST_DB,9,111,6,9
2026-06-03 01:30:00,PROD_DB,62,130,9,18
2026-06-03 01:30:00,DEV_DB,31,80,4,7
2026-06-03 01:30:00,TEST_DB,13,50,6,0
2026-06-03 02:00:00,PROD_DB,71,248,9,23
2026-06-03 02:00:00,DEV_DB,13,83,0,0
2026-06-03 02:00:00,TEST_DB,26,94,2,7
2026-06-03 02:30:00,PROD_DB,49,248,14,18
2026-06-03 02:30:00,DEV_DB,30,38,1,3
2026-06-03 02:30:00,TEST_DB,29,65,0,2
2026-06-03 03:00:00,PROD_DB,59,189,10,15
2026-06-03 03:00:00,DEV_DB,11,36,1,1
2026-06-03 03:00:00,TEST_DB,31,56,7,10
2026-06-03 03:30:00,PROD_DB,58,124,6,29
2026-06-03 03:30:00,DEV_DB,15,62,0,5
2026-06-03 03:30:00,TEST_DB,30,67,1,4
2026-06-03 04:00:00,PROD_DB,41,180,3,18
2026-06-03 04:00:00,DEV_DB,26,49,3,7
2026-06-03 04:00:00,TEST_DB,21,110,0,12
2026-06-03 04:30:00,PROD_DB,64,278,10,33
2026-06-03 04:30:00,DEV_DB,28,91,4,0
2026-06-03 04:30:00,TEST_DB,17,69,7,7
2026-06-03 05:00:00,PROD_DB,53,117,0,23
2026-06-03 05:00:00,DEV_DB,28,76,1,1
2026-06-03 05:00:00,TEST_DB,26,77,2,14
2026-06-03 05:30:00,PROD_DB,38,228,7,38
2026-06-03 05:30:00,DEV_DB,32,32,1,9
2026-06-03 05:30:00,TEST_DB,23,73,3,0
2026-06-03 06:00:00,PROD_DB,57,154,11,27
2026-06-03 06:00:00,DEV_DB,16,37,0,8
2026-06-03 06:00:00,TEST_DB,27,106,7,6
2026-06-03 06:30:00,PROD_DB,42,153,8,24
2026-06-03 06:30:00,DEV_DB,14,96,2,0
2026-06-03 06:30:00,TEST_DB,32,47,1,2
2026-06-03 07:00:00,PROD_DB,66,187,13,33
2026-06-03 07:00:00,DEV_DB,23,45,3,3
2026-06-03 07:00:00,TEST_DB,9,93,4,13
2026-06-03 07:30:00,PROD_DB,65,154,1,16
2026-06-03 07:30:00,DEV_DB,19,36,0,6
2026-06-03 07:30:00,TEST_DB,25,58,7,12
2026-06-03 08:00:00,PROD_DB,53,135,12,37
2026-06-03 08:00:00,DEV_DB,27,31,0,4
2026-06-03 08:00:00,TEST_DB,24,50,1,14
2026-06-03 08:30:00,PROD_DB,36,294,6,32
2026-06-03 08:30:00,DEV_DB,21,49,4,4
2026-06-03 08:30:00,TEST_DB,10,48,1,4
2026-06-03 09:00:00,PROD_DB,69,185,11,33
2026-06-03 09:00:00,DEV_DB,26,59,2,6
2026-06-03 09:00:00,TEST_DB,21,53,0,7
2026-06-03 09:30:00,PROD_DB,36,124,6,18
2026-06-03 09:30:00,DEV_DB,31,51,2,3
2026-06-03 09:30:00,TEST_DB,30,97,4,12
2026-06-03 10:00:00,PROD_DB,68,136,10,15
2026-06-03 10:00:00,DEV_DB,27,71,3,8
2026-06-03 10:00:00,TEST_DB,10,73,0,4
2026-06-03 10:30:00,PROD_DB,59,221,11,32
2026-06-03 10:30:00,DEV_DB,30,56,0,5
2026-06-03 10:30:00,TEST_DB,31,79,1,11
2026-06-03 11:00:00,PROD_DB,41,237,12,26
2026-06-03 11:00:00,DEV_DB,35,91,1,1
2026-06-03 11:00:00,TEST_DB,32,93,2,0
2026-06-03 11:30:00,PROD_DB,70,214,9,38
2026-06-03 11:30:00,DEV_DB,30,40,2,3
2026-06-03 11:30:00,TEST_DB,21,98,6,7
2026-06-03 12:00:00,PROD_DB,69,153,1,32
2026-06-03 12:00:00,DEV_DB,24,53,4,7
2026-06-03 12:00:00,TEST_DB,5,75,6,3
2026-06-03 12:30:00,PROD_DB,53,180,13,36
2026-06-03 12:30:00,DEV_DB,22,55,1,4
2026-06-03 12:30:00,TEST_DB,13,112,7,0
2026-06-03 13:00:00,PROD_DB,35,160,10,17
2026-06-03 13:00:00,DEV_DB,19,54,2,2
2026-06-03 13:00:00,TEST_DB,22,83,2,13
2026-06-03 13:30:00,PROD_DB,72,197,11,28
2026-06-03 13:30:00,DEV_DB,14,73,2,0
2026-06-03 13:30:00,TEST_DB,33,56,1,8
2026-06-03 14:00:00,PROD_DB,46,161,7,28
2026-06-03 14:00:00,DEV_DB,17,50,0,6
2026-06-03 14:00:00,TEST_DB,9,119,5,7
2026-06-03 14:30:00,PROD_DB,59,188,11,24
2026-06-03 14:30:00,DEV_DB,36,55,0,9
2026-06-03 14:30:00,TEST_DB,19,71,1,6
2026-06-03 15:00:00,PROD_DB,51,250,9,30
2026-06-03 15:00:00,DEV_DB,31,36,4,6
2026-06-03 15:00:00,TEST_DB,13,87,7,1
2026-06-03 15:30:00,PROD_DB,57,181,14,39
2026-06-03 15:30:00,DEV_DB,29,68,2,1
2026-06-03 15:30:00,TEST_DB,31,56,5,14
2026-06-03 16:00:00,PROD_DB,58,207,11,22
2026-06-03 16:00:00,DEV_DB,11,32,4,7
2026-06-03 16:00:00,TEST_DB,30,94,6,11
2026-06-03 16:30:00,PROD_DB,73,114,7,26
2026-06-03 16:30:00,DEV_DB,13,54,4,1
2026-06-03 16:30:00,TEST_DB,5,55,4,9
2026-06-03 17:00:00,PROD_DB,36,154,2,19
2026-06-03 17:00:00,DEV_DB,11,59,2,6
2026-06-03 17:00:00,TEST_DB,17,52,1,2
2026-06-03 17:30:00,PROD_DB,73,145,3,38
2026-06-03 17:30:00,DEV_DB,39,91,4,8
2026-06-03 17:30:00,TEST_DB,20,95,3,14
2026-06-03 18:00:00,PROD_DB,44,257,8,16
2026-06-03 18:00:00,DEV_DB,29,34,0,0
2026-06-03 18:00:00,TEST_DB,7,84,5,7
2026-06-03 18:30:00,PROD_DB,64,167,1,39
2026-06-03 18:30:00,DEV_DB,14,54,0,4
2026-06-03 18:30:00,TEST_DB,18,118,0,14
2026-06-03 19:00:00,PROD_DB,58,295,11,36
2026-06-03 19:00:00,DEV_DB,35,66,4,4
2026-06-03 19:00:00,TEST_DB,15,109,6,7
2026-06-03 19:30:00,PROD_DB,58,110,13,22
2026-06-03 19:30:00,DEV_DB,11,54,3,3
2026-06-03 19:30:00,TEST_DB,31,111,3,12
2026-06-03 20:00:00,PROD_DB,44,206,1,34
2026-06-03 20:00:00,DEV_DB,35,70,0,9
2026-06-03 20:00:00,TEST_DB,7,45,4,4
2026-06-03 20:30:00,PROD_DB,57,276,8,12
2026-06-03 20:30:00,DEV_DB,29,90,2,9
2026-06-03 20:30:00,TEST_DB,7,89,1,13
2026-06-03 21:00:00,PROD_DB,51,102,2,15
2026-06-03 21:00:00,DEV_DB,22,97,4,1
2026-06-03 21:00:00,TEST_DB,15,95,2,10
2026-06-03 21:30:00,PROD_DB,62,128,8,12
2026-06-03 21:30:00,DEV_DB,34,71,0,7
2026-06-03 21:30:00,TEST_DB,29,44,2,10
2026-06-03 22:00:00,PROD_DB,68,223,14,15
2026-06-03 22:00:00,DEV_DB,17,34,1,1
2026-06-03 22:00:00,TEST_DB,10,76,3,12
2026-06-03 22:30:00,PROD_DB,62,296,12,26
2026-06-03 22:30:00,DEV_DB,27,69,4,2
2026-06-03 22:30:00,TEST_DB,30,106,7,7
2026-06-03 23:00:00,PROD_DB,68,139,10,22
2026-06-03 23:00:00,DEV_DB,22,62,2,7
2026-06-03 23:00:00,TEST_DB,32,98,2,8
2026-06-03 23:30:00,PROD_DB,47,206,12,34
2026-06-03 23:30:00,DEV_DB,30,71,3,5
2026-06-03 23:30:00,TEST_DB,32,46,4,10
2026-06-04 00:00:00,PROD_DB,65,122,9,19
2026-06-04 00:00:00,DEV_DB,20,82,1,3
2026-06-04 00:00:00,TEST_DB,6,117,4,12
2026-06-04 00:30:00,PROD_DB,46,138,1,22
2026-06-04 00:30:00,DEV_DB,23,56,0,8
2026-06-04 00:30:00,TEST_DB,21,99,7,7
2026-06-04 01:00:00,PROD_DB,69,169,2,39
2026-06-04 01:00:00,DEV_DB,16,92,3,4
2026-06-04 01:00:00,TEST_DB,33,61,3,3
2026-06-04 01:30:00,PROD_DB,66,167,10,26
2026-06-04 01:30:00,DEV_DB,21,51,0,9
2026-06-04 01:30:00,TEST_DB,26,104,5,9
2026-06-04 02:00:00,PROD_DB,52,149,13,24
2026-06-04 02:00:00,DEV_DB,38,65,2,2
2026-06-04 02:00:00,TEST_DB,24,115,6,12
2026-06-04 02:30:00,PROD_DB,45,132,5,24
2026-06-04 02:30:00,DEV_DB,24,61,2,9
2026-06-04 02:30:00,TEST_DB,27,65,1,13
2026-06-04 03:00:00,PROD_DB,68,128,3,26
2026-06-04 03:00:00,DEV_DB,12,42,0,6
2026-06-04 03:00:00,TEST_DB,19,68,4,10
2026-06-04 03:30:00,PROD_DB,66,229,14,23
2026-06-04 03:30:00,DEV_DB,29,51,2,2
2026-06-04 03:30:00,TEST_DB,21,95,3,12
2026-06-04 04:00:00,PROD_DB,55,146,4,36
2026-06-04 04:00:00,DEV_DB,29,35,2,8
2026-06-04 04:00:00,TEST_DB,9,42,2,0
2026-06-04 04:30:00,PROD_DB,72,114,1,38
2026-06-04 04:30:00,DEV_DB,12,93,0,8
2026-06-04 04:30:00,TEST_DB,28,51,1,14
2026-06-04 05:00:00,PROD_DB,50,126,7,37
2026-06-04 05:00:00,DEV_DB,23,46,4,4
2026-06-04 05:00:00,TEST_DB,12,118,2,13
2026-06-04 05:30:00,PROD_DB,41,230,12,21
2026-06-04 05:30:00,DEV_DB,30,53,3,9
2026-06-04 05:30:00,TEST_DB,7,59,5,14
2026-06-04 06:00:00,PROD_DB,59,298,0,39
2026-06-04 06:00:00,DEV_DB,21,38,0,5
2026-06-04 06:00:00,TEST_DB,26,41,7,7
2026-06-04 06:30:00,PROD_DB,45,163,12,26
2026-06-04 06:30:00,DEV_DB,17,50,1,1
2026-06-04 06:30:00,TEST_DB,18,77,7,10
2026-06-04 07:00:00,PROD_DB,59,132,11,15
2026-06-04 07:00:00,DEV_DB,18,37,2,5
2026-06-04 07:00:00,TEST_DB,23,80,0,11
2026-06-04 07:30:00,PROD_DB,66,179,5,31
2026-06-04 07:30:00,DEV_DB,37,49,0,9
2026-06-04 07:30:00,TEST_DB,12,71,1,11
2026-06-04 08:00:00,PROD_DB,67,101,0,10
2026-06-04 08:00:00,DEV_DB,18,59,0,3
2026-06-04 08:00:00,TEST_DB,30,61,6,1
2026-06-04 08:30:00,PROD_DB,72,202,9,23
2026-06-04 08:30:00,DEV_DB,35,44,1,9
2026-06-04 08:30:00,TEST_DB,27,83,0,7
2026-06-04 09:00:00,PROD_DB,45,160,2,36
2026-06-04 09:00:00,DEV_DB,15,38,0,6
2026-06-04 09:00:00,TEST_DB,13,115,7,7
2026-06-04 09:30:00,PROD_DB,62,161,3,39
2026-06-04 09:30:00,DEV_DB,24,36,2,3
2026-06-04 09:30:00,TEST_DB,20,43,5,9
2026-06-04 10:00:00,PROD_DB,56,253,14,12
2026-06-04 10:00:00,DEV_DB,18,89,1,1
2026-06-04 10:00:00,TEST_DB,26,51,6,11
2026-06-04 10:30:00,PROD_DB,47,124,12,28
2026-06-04 10:30:00,DEV_DB,35,48,3,7
2026-06-04 10:30:00,TEST_DB,33,92,6,2
2026-06-04 11:00:00,PROD_DB,52,297,1,28
2026-06-04 11:00:00,DEV_DB,31,66,0,2
2026-06-04 11:00:00,TEST_DB,32,113,2,2
2026-06-04 11:30:00,PROD_DB,63,281,14,24
2026-06-04 11:30:00,DEV_DB,10,36,3,0
2026-06-04 11:30:00,TEST_DB,34,70,1,12
2026-06-04 12:00:00,PROD_DB,58,247,4,13
2026-06-04 12:00:00,DEV_DB,37,49,3,7
2026-06-04 12:00:00,TEST_DB,22,88,2,8
2026-06-04 12:30:00,PROD_DB,70,216,1,13
2026-06-04 12:30:00,DEV_DB,11,63,3,5
2026-06-04 12:30:00,TEST_DB,11,81,2,2
2026-06-04 13:00:00,PROD_DB,46,230,12,27
2026-06-04 13:00:00,DEV_DB,17,50,0,2
2026-06-04 13:00:00,TEST_DB,30,47,3,13
2026-06-04 13:30:00,PROD_DB,57,141,11,23
2026-06-04 13:30:00,DEV_DB,23,31,4,4
2026-06-04 13:30:00,TEST_DB,10,80,5,5
2026-06-04 14:00:00,PROD_DB,48,183,1,16
2026-06-04 14:00:00,DEV_DB,15,46,2,8
2026-06-04 14:00:00,TEST_DB,29,67,1,2
2026-06-04 14:30:00,PROD_DB,71,104,14,10
2026-06-04 14:30:00,DEV_DB,17,85,3,6
2026-06-04 14:30:00,TEST_DB,19,70,2,9
2026-06-04 15:00:00,PROD_DB,37,217,13,25
2026-06-04 15:00:00,DEV_DB,19,39,3,8
2026-06-04 15:00:00,TEST_DB,5,44,3,7
2026-06-04 15:30:00,PROD_DB,46,100,8,31
2026-06-04 15:30:00,DEV_DB,29,57,0,4
2026-06-04 15:30:00,TEST_DB,19,115,4,0
2026-06-04 16:00:00,PROD_DB,62,210,14,15
2026-06-04 16:00:00,DEV_DB,21,90,3,1
2026-06-04 16:00:00,TEST_DB,18,41,0,14
2026-06-04 16:30:00,PROD_DB,71,119,9,38
2026-06-04 16:30:00,DEV_DB,10,64,4,4
2026-06-04 16:30:00,TEST_DB,31,108,0,0
2026-06-04 17:00:00,PROD_DB,48,111,9,29
2026-06-04 17:00:00,DEV_DB,30,72,1,8
2026-06-04 17:00:00,TEST_DB,22,68,0,6
2026-06-04 17:30:00,PROD_DB,65,283,14,20
2026-06-04 17:30:00,DEV_DB,27,52,3,5
2026-06-04 17:30:00,TEST_DB,24,62,7,13
2026-06-04 18:00:00,PROD_DB,50,277,9,37
2026-06-04 18:00:00,DEV_DB,32,37,1,4
2026-06-04 18:00:00,TEST_DB,5,47,4,5
2026-06-04 18:30:00,PROD_DB,39,185,14,11
2026-06-04 18:30:00,DEV_DB,10,84,1,9
2026-06-04 18:30:00,TEST_DB,34,56,1,7
2026-06-04 19:00:00,PROD_DB,74,212,11,36
2026-06-04 19:00:00,DEV_DB,17,75,3,0
2026-06-04 19:00:00,TEST_DB,5,58,6,13
2026-06-04 19:30:00,PROD_DB,39,204,9,39
2026-06-04 19:30:00,DEV_DB,37,95,1,5
2026-06-04 19:30:00,TEST_DB,13,72,0,8
2026-06-04 20:00:00,PROD_DB,47,172,4,22
2026-06-04 20:00:00,DEV_DB,18,97,1,5
2026-06-04 20:00:00,TEST_DB,18,43,5,2
2026-06-04 20:30:00,PROD_DB,40,181,12,18
2026-06-04 20:30:00,DEV_DB,32,30,0,4
2026-06-04 20:30:00,TEST_DB,19,104,3,9
2026-06-04 21:00:00,PROD_DB,41,242,4,28
2026-06-04 21:00:00,DEV_DB,37,62,0,0
2026-06-04 21:00:00,TEST_DB,7,83,5,9
2026-06-04 21:30:00,PROD_DB,45,198,7,23
2026-06-04 21:30:00,DEV_DB,23,95,0,2
2026-06-04 21:30:00,TEST_DB,25,65,7,1
2026-06-04 22:00:00,PROD_DB,40,255,4,38
2026-06-04 22:00:00,DEV_DB,35,54,3,4
2026-06-04 22:00:00,TEST_DB,6,87,4,14
2026-06-04 22:30:00,PROD_DB,70,114,10,25
2026-06-04 22:30:00,DEV_DB,32,99,1,4
2026-06-04 22:30:00,TEST_DB,27,119,6,4
2026-06-04 23:00:00,PROD_DB,49,124,3,20
2026-06-04 23:00:00,DEV_DB,28,44,3,4
2026-06-04 23:00:00,TEST_DB,17,58,1,13
2026-06-04 23:30:00,PROD_DB,38,216,3,23
2026-06-04 23:30:00,DEV_DB,36,58,3,2
2026-06-04 23:30:00,TEST_DB,12,55,1,3
2026-06-05 00:00:00,PROD_DB,64,245,1,26
2026-06-05 00:00:00,DEV_DB,22,33,1,8
2026-06-05 00:00:00,TEST_DB,34,114,6,14
2026-06-05 00:30:00,PROD_DB,44,138,12,16
2026-06-05 00:30:00,DEV_DB,33,71,4,9
2026-06-05 00:30:00,TEST_DB,28,75,3,3
2026-06-05 01:00:00,PROD_DB,41,153,0,21
2026-06-05 01:00:00,DEV_DB,33,74,1,6
2026-06-05 01:00:00,TEST_DB,26,60,5,11
2026-06-05 01:30:00,PROD_DB,43,125,8,24
2026-06-05 01:30:00,DEV_DB,19,71,0,9
2026-06-05 01:30:00,TEST_DB,31,76,3,1
2026-06-05 02:00:00,PROD_DB,58,118,3,37
2026-06-05 02:00:00,DEV_DB,16,47,2,3
2026-06-05 02:00:00,TEST_DB,14,94,1,4
2026-06-05 02:30:00,PROD_DB,69,207,1,10
2026-06-05 02:30:00,DEV_DB,32,50,0,5
2026-06-05 02:30:00,TEST_DB,20,76,6,2
2026-06-05 03:00:00,PROD_DB,62,298,10,19
2026-06-05 03:00:00,DEV_DB,18,86,0,1
2026-06-05 03:00:00,TEST_DB,7,46,4,1
2026-06-05 03:30:00,PROD_DB,37,141,5,38
2026-06-05 03:30:00,DEV_DB,16,70,0,6
2026-06-05 03:30:00,TEST_DB,28,99,5,2
2026-06-05 04:00:00,PROD_DB,38,201,9,16
2026-06-05 04:00:00,DEV_DB,22,65,4,0
2026-06-05 04:00:00,TEST_DB,8,42,0,7
2026-06-05 04:30:00,PROD_DB,67,222,5,18
2026-06-05 04:30:00,DEV_DB,16,97,4,0
2026-06-05 04:30:00,TEST_DB,32,41,3,4
2026-06-05 05:00:00,PROD_DB,61,259,4,17
2026-06-05 05:00:00,DEV_DB,15,79,2,5
2026-06-05 05:00:00,TEST_DB,16,97,2,5
2026-06-05 05:30:00,PROD_DB,40,229,6,21
2026-06-05 05:30:00,DEV_DB,11,64,1,6
2026-06-05 05:30:00,TEST_DB,34,47,5,11
2026-06-05 06:00:00,PROD_DB,70,296,12,38
2026-06-05 06:00:00,DEV_DB,24,84,1,8
2026-06-05 06:00:00,TEST_DB,27,55,3,0
2026-06-05 06:30:00,PROD_DB,50,239,7,29
2026-06-05 06:30:00,DEV_DB,12,45,4,6
2026-06-05 06:30:00,TEST_DB,32,44,3,7
2026-06-05 07:00:00,PROD_DB,35,220,13,30
2026-06-05 07:00:00,DEV_DB,29,99,1,7
2026-06-05 07:00:00,TEST_DB,11,71,0,4
2026-06-05 07:30:00,PROD_DB,50,137,3,11
2026-06-05 07:30:00,DEV_DB,38,43,3,0
2026-06-05 07:30:00,TEST_DB,27,105,0,4
2026-06-05 08:00:00,PROD_DB,36,292,10,12
2026-06-05 08:00:00,DEV_DB,29,91,1,3
2026-06-05 08:00:00,TEST_DB,22,94,5,2
2026-06-05 08:30:00,PROD_DB,56,270,14,31
2026-06-05 08:30:00,DEV_DB,37,41,0,9
2026-06-05 08:30:00,TEST_DB,10,84,2,13
2026-06-05 09:00:00,PROD_DB,58,257,13,15
2026-06-05 09:00:00,DEV_DB,12,36,3,8
2026-06-05 09:00:00,TEST_DB,19,60,2,1
2026-06-05 09:30:00,PROD_DB,61,229,2,27
2026-06-05 09:30:00,DEV_DB,23,49,1,9
2026-06-05 09:30:00,TEST_DB,29,105,0,12
2026-06-05 10:00:00,PROD_DB,67,263,14,23
2026-06-05 10:00:00,DEV_DB,10,83,4,3
2026-06-05 10:00:00,TEST_DB,7,80,5,8
2026-06-05 10:30:00,PROD_DB,47,216,1,17
2026-06-05 10:30:00,DEV_DB,30,97,0,3
2026-06-05 10:30:00,TEST_DB,17,99,3,11
2026-06-05 11:00:00,PROD_DB,47,130,13,29
2026-06-05 11:00:00,DEV_DB,27,89,4,1
2026-06-05 11:00:00,TEST_DB,32,62,2,14
2026-06-05 11:30:00,PROD_DB,39,261,9,34
2026-06-05 11:30:00,DEV_DB,11,40,1,7
2026-06-05 11:30:00,TEST_DB,19,112,6,2
2026-06-05 12:00:00,PROD_DB,43,198,4,18
2026-06-05 12:00:00,DEV_DB,37,91,2,6
2026-06-05 12:00:00,TEST_DB,20,55,3,0
2026-06-05 12:30:00,PROD_DB,38,103,6,17
2026-06-05 12:30:00,DEV_DB,26,81,4,3
2026-06-05 12:30:00,TEST_DB,8,77,6,1
2026-06-05 13:00:00,PROD_DB,71,215,14,39
2026-06-05 13:00:00,DEV_DB,38,36,2,5
2026-06-05 13:00:00,TEST_DB,18,110,4,12
2026-06-05 13:30:00,PROD_DB,56,232,13,32
2026-06-05 13:30:00,DEV_DB,11,91,2,4
2026-06-05 13:30:00,TEST_DB,26,118,4,9
2026-06-05 14:00:00,PROD_DB,57,157,7,16
2026-06-05 14:00:00,DEV_DB,14,94,4,4
2026-06-05 14:00:00,TEST_DB,30,92,1,4
2026-06-05 14:30:00,PROD_DB,66,263,0,12
2026-06-05 14:30:00,DEV_DB,26,89,2,4
2026-06-05 14:30:00,TEST_DB,24,94,4,9
2026-06-05 15:00:00,PROD_DB,38,133,3,25
2026-06-05 15:00:00,DEV_DB,37,81,4,5
2026-06-05 15:00:00,TEST_DB,14,60,1,12
2026-06-05 15:30:00,PROD_DB,51,219,8,18
2026-06-05 15:30:00,DEV_DB,10,31,3,0
2026-06-05 15:30:00,TEST_DB,14,97,7,11
2026-06-05 16:00:00,PROD_DB,74,120,11,20
2026-06-05 16:00:00,DEV_DB,32,63,2,5
2026-06-05 16:00:00,TEST_DB,12,88,6,0
2026-06-05 16:30:00,PROD_DB,57,187,12,28
2026-06-05 16:30:00,DEV_DB,14,61,3,0
2026-06-05 16:30:00,TEST_DB,27,47,4,7
2026-06-05 17:00:00,PROD_DB,57,142,0,22
2026-06-05 17:00:00,DEV_DB,28,53,2,7
2026-06-05 17:00:00,TEST_DB,21,44,3,4
2026-06-05 17:30:00,PROD_DB,74,157,14,23
2026-06-05 17:30:00,DEV_DB,13,40,3,2
2026-06-05 17:30:00,TEST_DB,11,67,2,10
2026-06-05 18:00:00,PROD_DB,39,104,13,31
2026-06-05 18:00:00,DEV_DB,17,93,1,5
2026-06-05 18:00:00,TEST_DB,19,47,7,7
2026-06-05 18:30:00,PROD_DB,59,172,1,24
2026-06-05 18:30:00,DEV_DB,27,96,0,3
2026-06-05 18:30:00,TEST_DB,34,107,5,8
2026-06-05 19:00:00,PROD_DB,59,221,6,39
2026-06-05 19:00:00,DEV_DB,27,39,4,3
2026-06-05 19:00:00,TEST_DB,16,41,5,12
2026-06-05 19:30:00,PROD_DB,66,194,11,11
2026-06-05 19:30:00,DEV_DB,20,39,0,7
2026-06-05 19:30:00,TEST_DB,22,94,0,8
2026-06-05 20:00:00,PROD_DB,74,158,13,37
2026-06-05 20:00:00,DEV_DB,35,51,3,3
2026-06-05 20:00:00,TEST_DB,25,83,7,2
2026-06-05 20:30:00,PROD_DB,55,221,13,32
2026-06-05 20:30:00,DEV_DB,16,41,0,1
2026-06-05 20:30:00,TEST_DB,25,52,5,4
2026-06-05 21:00:00,PROD_DB,42,145,7,23
2026-06-05 21:00:00,DEV_DB,16,52,3,5
2026-06-05 21:00:00,TEST_DB,26,61,3,12
2026-06-05 21:30:00,PROD_DB,47,101,12,30
2026-06-05 21:30:00,DEV_DB,24,81,2,1
2026-06-05 21:30:00,TEST_DB,19,62,7,11
2026-06-05 22:00:00,PROD_DB,47,121,10,14
2026-06-05 22:00:00,DEV_DB,38,85,2,5
2026-06-05 22:00:00,TEST_DB,23,62,4,13
2026-06-05 22:30:00,PROD_DB,73,207,14,34
2026-06-05 22:30:00,DEV_DB,14,37,1,9
2026-06-05 22:30:00,TEST_DB,20,111,0,11
2026-06-05 23:00:00,PROD_DB,39,102,0,13
2026-06-05 23:00:00,DEV_DB,17,93,1,1
2026-06-05 23:00:00,TEST_DB,15,49,4,13
2026-06-05 23:30:00,PROD_DB,73,254,1,18
2026-06-05 23:30:00,DEV_DB,25,42,0,3
2026-06-05 23:30:00,TEST_DB,8,97,5,11
2026-06-06 00:00:00,PROD_DB,51,113,8,11
2026-06-06 00:00:00,DEV_DB,30,49,2,2
2026-06-06 00:00:00,TEST_DB,27,109,7,2
2026-06-06 00:30:00,PROD_DB,71,285,3,24
2026-06-06 00:30:00,DEV_DB,38,33,3,9
2026-06-06 00:30:00,TEST_DB,28,65,4,5
2026-06-06 01:00:00,PROD_DB,55,153,7,16
2026-06-06 01:00:00,DEV_DB,30,67,3,8
2026-06-06 01:00:00,TEST_DB,17,59,0,6
2026-06-06 01:30:00,PROD_DB,41,103,12,23
2026-06-06 01:30:00,DEV_DB,12,87,3,3
2026-06-06 01:30:00,TEST_DB,28,63,1,13
2026-06-06 02:00:00,PROD_DB,52,246,14,37
2026-06-06 02:00:00,DEV_DB,37,48,0,2
2026-06-06 02:00:00,TEST_DB,26,63,4,11
2026-06-06 02:30:00,PROD_DB,64,157,5,30
2026-06-06 02:30:00,DEV_DB,13,93,2,3
2026-06-06 02:30:00,TEST_DB,34,94,0,6
2026-06-06 03:00:00,PROD_DB,67,245,14,29
2026-06-06 03:00:00,DEV_DB,26,76,2,8
2026-06-06 03:00:00,TEST_DB,32,84,0,0
2026-06-06 03:30:00,PROD_DB,40,103,3,25
2026-06-06 03:30:00,DEV_DB,24,44,3,6
2026-06-06 03:30:00,TEST_DB,13,55,4,8
2026-06-06 04:00:00,PROD_DB,44,149,2,22
2026-06-06 04:00:00,DEV_DB,20,99,0,2
2026-06-06 04:00:00,TEST_DB,25,58,1,2
2026-06-06 04:30:00,PROD_DB,60,168,12,14
2026-06-06 04:30:00,DEV_DB,29,78,4,9
2026-06-06 04:30:00,TEST_DB,9,109,1,3
2026-06-06 05:00:00,PROD_DB,73,138,1,12
2026-06-06 05:00:00,DEV_DB,10,53,0,3
2026-06-06 05:00:00,TEST_DB,10,80,5,13
2026-06-06 05:30:00,PROD_DB,65,183,7,34
2026-06-06 05:30:00,DEV_DB,13,59,3,9
2026-06-06 05:30:00,TEST_DB,34,46,2,6
2026-06-06 06:00:00,PROD_DB,62,113,7,19
2026-06-06 06:00:00,DEV_DB,25,45,1,8
2026-06-06 06:00:00,TEST_DB,17,109,3,8
2026-06-06 06:30:00,PROD_DB,70,283,10,29
2026-06-06 06:30:00,DEV_DB,27,86,4,3
2026-06-06 06:30:00,TEST_DB,22,72,2,6
2026-06-06 07:00:00,PROD_DB,40,226,14,27
2026-06-06 07:00:00,DEV_DB,33,49,4,9
2026-06-06 07:00:00,TEST_DB,30,53,0,4
2026-06-06 07:30:00,PROD_DB,55,181,4,12
2026-06-06 07:30:00,DEV_DB,32,66,0,2
2026-06-06 07:30:00,TEST_DB,23,51,0,12
2026-06-06 08:00:00,PROD_DB,67,277,4,13
2026-06-06 08:00:00,DEV_DB,19,62,0,7
2026-06-06 08:00:00,TEST_DB,33,100,1,11
2026-06-06 08:30:00,PROD_DB,73,185,0,26
2026-06-06 08:30:00,DEV_DB,11,99,1,0
2026-06-06 08:30:00,TEST_DB,14,44,1,5
2026-06-06 09:00:00,PROD_DB,36,173,1,25
2026-06-06 09:00:00,DEV_DB,25,80,4,6
2026-06-06 09:00:00,TEST_DB,26,115,7,14
2026-06-06 09:30:00,PROD_DB,74,137,11,36
2026-06-06 09:30:00,DEV_DB,19,93,2,0
2026-06-06 09:30:00,TEST_DB,11,60,3,9
2026-06-06 10:00:00,PROD_DB,38,209,3,31
2026-06-06 10:00:00,DEV_DB,24,43,2,8
2026-06-06 10:00:00,TEST_DB,12,97,3,9
2026-06-06 10:30:00,PROD_DB,36,252,7,39
2026-06-06 10:30:00,DEV_DB,12,73,0,9
2026-06-06 10:30:00,TEST_DB,24,45,6,3
2026-06-06 11:00:00,PROD_DB,57,188,10,27
2026-06-06 11:00:00,DEV_DB,20,48,4,2
2026-06-06 11:00:00,TEST_DB,15,51,1,7
2026-06-06 11:30:00,PROD_DB,58,140,3,14
2026-06-06 11:30:00,DEV_DB,30,84,0,7
2026-06-06 11:30:00,TEST_DB,22,81,3,3
2026-06-06 12:00:00,PROD_DB,40,111,1,16
2026-06-06 12:00:00,DEV_DB,25,32,4,2
2026-06-06 12:00:00,TEST_DB,31,79,5,0
2026-06-06 12:30:00,PROD_DB,62,228,6,17
2026-06-06 12:30:00,DEV_DB,14,61,3,4
2026-06-06 12:30:00,TEST_DB,8,109,5,5
2026-06-06 13:00:00,PROD_DB,53,131,8,21
2026-06-06 13:00:00,DEV_DB,20,75,0,6
2026-06-06 13:00:00,TEST_DB,25,60,5,12
2026-06-06 13:30:00,PROD_DB,68,103,11,15
2026-06-06 13:30:00,DEV_DB,35,88,2,4
2026-06-06 13:30:00,TEST_DB,29,42,0,3
2026-06-06 14:00:00,PROD_DB,59,247,1,35
2026-06-06 14:00:00,DEV_DB,39,34,2,8
2026-06-06 14:00:00,TEST_DB,24,89,5,2
2026-06-06 14:30:00,PROD_DB,45,293,14,21
2026-06-06 14:30:00,DEV_DB,21,32,3,9
2026-06-06 14:30:00,TEST_DB,20,60,3,7
2026-06-06 15:00:00,PROD_DB,60,289,0,30
2026-06-06 15:00:00,DEV_DB,12,81,1,8
2026-06-06 15:00:00,TEST_DB,23,86,1,9
2026-06-06 15:30:00,PROD_DB,45,284,6,25
2026-06-06 15:30:00,DEV_DB,31,46,4,2
2026-06-06 15:30:00,TEST_DB,5,55,1,1
2026-06-06 16:00:00,PROD_DB,69,267,7,37
2026-06-06 16:00:00,DEV_DB,24,68,0,3
2026-06-06 16:00:00,TEST_DB,32,40,7,6
2026-06-06 16:30:00,PROD_DB,57,227,14,12
2026-06-06 16:30:00,DEV_DB,13,87,0,5
2026-06-06 16:30:00,TEST_DB,19,102,4,2
2026-06-06 17:00:00,PROD_DB,48,244,6,18
2026-06-06 17:00:00,DEV_DB,12,35,2,6
2026-06-06 17:00:00,TEST_DB,31,85,5,13
2026-06-06 17:30:00,PROD_DB,70,171,13,12
2026-06-06 17:30:00,DEV_DB,28,59,2,3
2026-06-06 17:30:00,TEST_DB,21,64,7,7
2026-06-06 18:00:00,PROD_DB,48,253,5,32
2026-06-06 18:00:00,DEV_DB,31,77,0,2
2026-06-06 18:00:00,TEST_DB,18,90,2,9
2026-06-06 18:30:00,PROD_DB,53,127,3,22
2026-06-06 18:30:00,DEV_DB,16,92,0,6
2026-06-06 18:30:00,TEST_DB,29,58,6,3
2026-06-06 19:00:00,PROD_DB,48,219,5,30
2026-06-06 19:00:00,DEV_DB,38,65,0,8
2026-06-06 19:00:00,TEST_DB,5,91,0,13
2026-06-06 19:30:00,PROD_DB,45,152,2,18
2026-06-06 19:30:00,DEV_DB,36,70,3,3
2026-06-06 19:30:00,TEST_DB,32,47,1,8
2026-06-06 20:00:00,PROD_DB,56,268,7,32
2026-06-06 20:00:00,DEV_DB,25,91,0,2
2026-06-06 20:00:00,TEST_DB,15,103,5,1
2026-06-06 20:30:00,PROD_DB,55,248,4,25
2026-06-06 20:30:00,DEV_DB,29,96,3,0
2026-06-06 20:30:00,TEST_DB,25,112,4,8
2026-06-06 21:00:00,PROD_DB,38,134,0,11
2026-06-06 21:00:00,DEV_DB,33,94,4,6
2026-06-06 21:00:00,TEST_DB,19,79,3,5
2026-06-06 21:30:00,PROD_DB,46,273,14,24
2026-06-06 21:30:00,DEV_DB,18,48,1,3
2026-06-06 21:30:00,TEST_DB,33,61,7,4
2026-06-06 22:00:00,PROD_DB,72,119,8,38
2026-06-06 22:00:00,DEV_DB,28,33,3,3
2026-06-06 22:00:00,TEST_DB,26,115,4,2
2026-06-06 22:30:00,PROD_DB,56,293,7,11
2026-06-06 22:30:00,DEV_DB,36,84,0,0
2026-06-06 22:30:00,TEST_DB,12,77,5,5
2026-06-06 23:00:00,PROD_DB,59,244,12,21
2026-06-06 23:00:00,DEV_DB,15,56,2,9
2026-06-06 23:00:00,TEST_DB,5,96,4,12
2026-06-06 23:30:00,PROD_DB,69,267,13,12
2026-06-06 23:30:00,DEV_DB,25,85,0,5
2026-06-06 23:30:00,TEST_DB,21,85,0,13
2026-06-07 00:00:00,PROD_DB,42,142,3,37
2026-06-07 00:00:00,DEV_DB,10,68,4,4
2026-06-07 00:00:00,TEST_DB,21,103,5,9
2026-06-07 00:30:00,PROD_DB,43,187,4,26
2026-06-07 00:30:00,DEV_DB,18,46,4,2
2026-06-07 00:30:00,TEST_DB,31,78,6,8
2026-06-07 01:00:00,PROD_DB,73,240,10,23
2026-06-07 01:00:00,DEV_DB,28,40,4,0
2026-06-07 01:00:00,TEST_DB,12,58,3,7
2026-06-07 01:30:00,PROD_DB,42,288,4,22
2026-06-07 01:30:00,DEV_DB,21,90,0,9
2026-06-07 01:30:00,TEST_DB,11,108,7,8
2026-06-07 02:00:00,PROD_DB,61,273,6,39
2026-06-07 02:00:00,DEV_DB,22,76,0,3
2026-06-07 02:00:00,TEST_DB,22,57,1,3
2026-06-07 02:30:00,PROD_DB,64,260,14,13
2026-06-07 02:30:00,DEV_DB,27,48,3,7
2026-06-07 02:30:00,TEST_DB,24,115,1,2
2026-06-07 03:00:00,PROD_DB,49,140,6,11
2026-06-07 03:00:00,DEV_DB,38,95,2,9
2026-06-07 03:00:00,TEST_DB,18,90,5,8
2026-06-07 03:30:00,PROD_DB,73,127,2,29
2026-06-07 03:30:00,DEV_DB,15,56,4,1
2026-06-07 03:30:00,TEST_DB,33,77,2,13
2026-06-07 04:00:00,PROD_DB,74,101,0,18
2026-06-07 04:00:00,DEV_DB,39,41,2,0
2026-06-07 04:00:00,TEST_DB,27,84,6,9
2026-06-07 04:30:00,PROD_DB,71,161,0,34
2026-06-07 04:30:00,DEV_DB,32,53,0,5
2026-06-07 04:30:00,TEST_DB,32,60,5,10
2026-06-07 05:00:00,PROD_DB,52,263,2,22
2026-06-07 05:00:00,DEV_DB,32,82,1,1
2026-06-07 05:00:00,TEST_DB,7,106,3,11
2026-06-07 05:30:00,PROD_DB,49,140,14,32
2026-06-07 05:30:00,DEV_DB,17,77,1,8
2026-06-07 05:30:00,TEST_DB,26,72,7,6
2026-06-07 06:00:00,PROD_DB,68,283,11,14
2026-06-07 06:00:00,DEV_DB,16,97,4,7
2026-06-07 06:00:00,TEST_DB,5,104,6,3
2026-06-07 06:30:00,PROD_DB,53,256,9,37
2026-06-07 06:30:00,DEV_DB,27,64,2,0
2026-06-07 06:30:00,TEST_DB,21,77,7,4
2026-06-07 07:00:00,PROD_DB,42,261,3,33
2026-06-07 07:00:00,DEV_DB,21,94,3,0
2026-06-07 07:00:00,TEST_DB,17,89,4,13
2026-06-07 07:30:00,PROD_DB,58,286,2,20
2026-06-07 07:30:00,DEV_DB,22,33,1,5
2026-06-07 07:30:00,TEST_DB,15,103,2,9
2026-06-07 08:00:00,PROD_DB,40,158,12,24
2026-06-07 08:00:00,DEV_DB,30,59,1,4
2026-06-07 08:00:00,TEST_DB,30,76,1,11
2026-06-07 08:30:00,PROD_DB,71,134,6,15
2026-06-07 08:30:00,DEV_DB,13,47,3,8
2026-06-07 08:30:00,TEST_DB,21,68,4,10
2026-06-07 09:00:00,PROD_DB,51,208,5,13
2026-06-07 09:00:00,DEV_DB,14,66,0,0
2026-06-07 09:00:00,TEST_DB,17,73,4,5
2026-06-07 09:30:00,PROD_DB,57,278,2,19
2026-06-07 09:30:00,DEV_DB,11,61,4,2
2026-06-07 09:30:00,TEST_DB,30,85,6,11
2026-06-07 10:00:00,PROD_DB,55,143,10,16
2026-06-07 10:00:00,DEV_DB,13,30,3,7
2026-06-07 10:00:00,TEST_DB,33,52,6,1
2026-06-07 10:30:00,PROD_DB,45,278,12,26
2026-06-07 10:30:00,DEV_DB,12,53,1,2
2026-06-07 10:30:00,TEST_DB,9,47,3,4
2026-06-07 11:00:00,PROD_DB,51,200,3,31
2026-06-07 11:00:00,DEV_DB,28,93,2,4
2026-06-07 11:00:00,TEST_DB,6,50,5,12
2026-06-07 11:30:00,PROD_DB,46,248,5,20
2026-06-07 11:30:00,DEV_DB,16,34,0,7
2026-06-07 11:30:00,TEST_DB,24,80,5,9
2026-06-07 12:00:00,PROD_DB,46,169,0,28
2026-06-07 12:00:00,DEV_DB,28,55,3,3
2026-06-07 12:00:00,TEST_DB,10,94,1,3
2026-06-07 12:30:00,PROD_DB,72,174,0,39
2026-06-07 12:30:00,DEV_DB,33,52,2,8
2026-06-07 12:30:00,TEST_DB,23,90,4,13
2026-06-07 13:00:00,PROD_DB,61,181,11,28
2026-06-07 13:00:00,DEV_DB,24,33,4,2
2026-06-07 13:00:00,TEST_DB,20,112,7,3
2026-06-07 13:30:00,PROD_DB,51,180,0,10
2026-06-07 13:30:00,DEV_DB,17,48,2,4
2026-06-07 13:30:00,TEST_DB,17,86,5,12
2026-06-07 14:00:00,PROD_DB,65,213,5,38
2026-06-07 14:00:00,DEV_DB,31,72,2,5
2026-06-07 14:00:00,TEST_DB,14,81,7,13
2026-06-07 14:30:00,PROD_DB,55,293,8,33
2026-06-07 14:30:00,DEV_DB,12,85,0,2
2026-06-07 14:30:00,TEST_DB,23,47,1,0
2026-06-07 15:00:00,PROD_DB,74,170,13,16
2026-06-07 15:00:00,DEV_DB,12,94,3,8
2026-06-07 15:00:00,TEST_DB,9,40,6,4
2026-06-07 15:30:00,PROD_DB,47,235,4,37
2026-06-07 15:30:00,DEV_DB,18,30,3,2
2026-06-07 15:30:00,TEST_DB,6,102,7,6
2026-06-07 16:00:00,PROD_DB,43,133,13,23
2026-06-07 16:00:00,DEV_DB,13,59,2,2
2026-06-07 16:00:00,TEST_DB,12,42,5,11
2026-06-07 16:30:00,PROD_DB,47,272,1,22
2026-06-07 16:30:00,DEV_DB,38,45,1,7
2026-06-07 16:30:00,TEST_DB,21,73,1,11
2026-06-07 17:00:00,PROD_DB,50,201,11,11
2026-06-07 17:00:00,DEV_DB,11,42,3,1
2026-06-07 17:00:00,TEST_DB,11,106,7,6
2026-06-07 17:30:00,PROD_DB,48,219,13,32
2026-06-07 17:30:00,DEV_DB,36,82,0,0
2026-06-07 17:30:00,TEST_DB,13,69,4,12
2026-06-07 18:00:00,PROD_DB,55,246,4,28
2026-06-07 18:00:00,DEV_DB,34,54,0,6
2026-06-07 18:00:00,TEST_DB,27,71,5,9
2026-06-07 18:30:00,PROD_DB,44,299,5,29
2026-06-07 18:30:00,DEV_DB,29,61,1,1
2026-06-07 18:30:00,TEST_DB,32,92,7,14
2026-06-07 19:00:00,PROD_DB,56,129,14,13
2026-06-07 19:00:00,DEV_DB,22,88,1,6
2026-06-07 19:00:00,TEST_DB,18,73,1,7
2026-06-07 19:30:00,PROD_DB,68,226,10,18
2026-06-07 19:30:00,DEV_DB,21,78,0,0
2026-06-07 19:30:00,TEST_DB,30,65,1,5
2026-06-07 20:00:00,PROD_DB,72,186,7,27
2026-06-07 20:00:00,DEV_DB,17,70,4,8
2026-06-07 20:00:00,TEST_DB,33,67,2,8
2026-06-07 20:30:00,PROD_DB,35,206,2,18
2026-06-07 20:30:00,DEV_DB,36,63,3,3
2026-06-07 20:30:00,TEST_DB,8,54,2,12
2026-06-07 21:00:00,PROD_DB,53,276,5,25
2026-06-07 21:00:00,DEV_DB,33,80,4,0
2026-06-07 21:00:00,TEST_DB,30,68,0,11
2026-06-07 21:30:00,PROD_DB,61,219,6,19
2026-06-07 21:30:00,DEV_DB,24,52,4,4
2026-06-07 21:30:00,TEST_DB,15,52,4,0
2026-06-07 22:00:00,PROD_DB,58,207,10,26
2026-06-07 22:00:00,DEV_DB,13,76,0,8
2026-06-07 22:00:00,TEST_DB,25,51,4,9
2026-06-07 22:30:00,PROD_DB,51,200,5,25
2026-06-07 22:30:00,DEV_DB,16,57,0,2
2026-06-07 22:30:00,TEST_DB,19,57,7,13
2026-06-07 23:00:00,PROD_DB,69,204,11,16
2026-06-07 23:00:00,DEV_DB,18,42,1,4
2026-06-07 23:00:00,TEST_DB,17,70,1,8
2026-06-07 23:30:00,PROD_DB,43,265,10,31
2026-06-07 23:30:00,DEV_DB,33,74,4,1
2026-06-07 23:30:00,TEST_DB,13,47,6,3
2026-06-08 00:00:00,PROD_DB,52,102,11,15
2026-06-08 00:00:00,DEV_DB,21,73,4,7
2026-06-08 00:00:00,TEST_DB,26,93,0,3
2026-06-08 00:30:00,PROD_DB,55,112,8,26
2026-06-08 00:30:00,DEV_DB,31,83,1,4
2026-06-08 00:30:00,TEST_DB,16,86,4,9
2026-06-08 01:00:00,PROD_DB,47,264,5,33
2026-06-08 01:00:00,DEV_DB,11,43,1,2
2026-06-08 01:00:00,TEST_DB,29,42,6,5
2026-06-08 01:30:00,PROD_DB,51,111,5,29
2026-06-08 01:30:00,DEV_DB,33,58,2,8
2026-06-08 01:30:00,TEST_DB,8,99,1,5
2026-06-08 02:00:00,PROD_DB,35,183,6,37
2026-06-08 02:00:00,DEV_DB,25,76,0,7
2026-06-08 02:00:00,TEST_DB,32,97,3,10
2026-06-08 02:30:00,PROD_DB,64,261,4,15
2026-06-08 02:30:00,DEV_DB,16,54,0,6
2026-06-08 02:30:00,TEST_DB,30,46,3,8
2026-06-08 03:00:00,PROD_DB,46,115,10,30
2026-06-08 03:00:00,DEV_DB,13,36,3,2
2026-06-08 03:00:00,TEST_DB,13,71,2,7
2026-06-08 03:30:00,PROD_DB,67,299,12,31
2026-06-08 03:30:00,DEV_DB,36,33,2,8
2026-06-08 03:30:00,TEST_DB,33,67,4,14
2026-06-08 04:00:00,PROD_DB,57,271,9,13
2026-06-08 04:00:00,DEV_DB,35,38,4,7
2026-06-08 04:00:00,TEST_DB,24,89,2,14
2026-06-08 04:30:00,PROD_DB,66,127,5,18
2026-06-08 04:30:00,DEV_DB,26,88,1,6
2026-06-08 04:30:00,TEST_DB,14,96,1,8
2026-06-08 05:00:00,PROD_DB,44,144,2,20
2026-06-08 05:00:00,DEV_DB,22,82,3,0
2026-06-08 05:00:00,TEST_DB,21,86,3,5
2026-06-08 05:30:00,PROD_DB,58,281,11,34
2026-06-08 05:30:00,DEV_DB,24,60,0,1
2026-06-08 05:30:00,TEST_DB,30,44,3,3
2026-06-08 06:00:00,PROD_DB,45,153,0,27
2026-06-08 06:00:00,DEV_DB,15,56,1,9
2026-06-08 06:00:00,TEST_DB,25,85,4,5
2026-06-08 06:30:00,PROD_DB,72,161,5,39
2026-06-08 06:30:00,DEV_DB,27,75,4,2
2026-06-08 06:30:00,TEST_DB,34,45,4,7
2026-06-08 07:00:00,PROD_DB,67,174,12,27
2026-06-08 07:00:00,DEV_DB,20,57,3,5
2026-06-08 07:00:00,TEST_DB,13,55,3,2
2026-06-08 07:30:00,PROD_DB,60,289,8,21
2026-06-08 07:30:00,DEV_DB,20,47,2,6
2026-06-08 07:30:00,TEST_DB,27,65,5,3
2026-06-08 08:00:00,PROD_DB,63,158,12,11
2026-06-08 08:00:00,DEV_DB,26,72,4,1
2026-06-08 08:00:00,TEST_DB,6,47,4,9
2026-06-08 08:30:00,PROD_DB,42,195,3,24
2026-06-08 08:30:00,DEV_DB,39,94,2,6
2026-06-08 08:30:00,TEST_DB,21,98,3,7
2026-06-08 09:00:00,PROD_DB,56,192,5,21
2026-06-08 09:00:00,DEV_DB,18,66,1,3
2026-06-08 09:00:00,TEST_DB,9,67,1,14
2026-06-08 09:30:00,PROD_DB,55,269,11,17
2026-06-08 09:30:00,DEV_DB,11,84,2,5
2026-06-08 09:30:00,TEST_DB,9,66,0,12
2026-06-08 10:00:00,PROD_DB,37,207,12,22
2026-06-08 10:00:00,DEV_DB,19,38,2,1
2026-06-08 10:00:00,TEST_DB,23,40,7,8
2026-06-08 10:30:00,PROD_DB,63,170,0,12
2026-06-08 10:30:00,DEV_DB,29,49,4,2
2026-06-08 10:30:00,TEST_DB,7,117,0,1
2026-06-08 11:00:00,PROD_DB,63,280,10,27
2026-06-08 11:00:00,DEV_DB,13,94,1,0
2026-06-08 11:00:00,TEST_DB,30,65,4,3
2026-06-08 11:30:00,PROD_DB,57,109,10,20
2026-06-08 11:30:00,DEV_DB,18,34,1,0
2026-06-08 11:30:00,TEST_DB,21,61,1,7
2026-06-08 12:00:00,PROD_DB,63,167,4,20
2026-06-08 12:00:00,DEV_DB,33,80,4,2
2026-06-08 12:00:00,TEST_DB,16,65,2,2
2026-06-08 12:30:00,PROD_DB,41,146,6,16
2026-06-08 12:30:00,DEV_DB,35,69,4,4
2026-06-08 12:30:00,TEST_DB,18,43,6,9
2026-06-08 13:00:00,PROD_DB,54,242,1,29
2026-06-08 13:00:00,DEV_DB,22,37,0,2
2026-06-08 13:00:00,TEST_DB,20,85,3,13
2026-06-08 13:30:00,PROD_DB,61,167,9,24
2026-06-08 13:30:00,DEV_DB,12,66,0,2
2026-06-08 13:30:00,TEST_DB,19,63,2,7
2026-06-08 14:00:00,PROD_DB,70,123,7,19
2026-06-08 14:00:00,DEV_DB,13,96,1,8
2026-06-08 14:00:00,TEST_DB,21,92,7,3
2026-06-08 14:30:00,PROD_DB,57,208,4,39
2026-06-08 14:30:00,DEV_DB,30,91,0,8
2026-06-08 14:30:00,TEST_DB,33,99,5,5
2026-06-08 15:00:00,PROD_DB,71,156,9,17
2026-06-08 15:00:00,DEV_DB,16,67,4,3
2026-06-08 15:00:00,TEST_DB,7,90,5,14
2026-06-08 15:30:00,PROD_DB,38,175,5,28
2026-06-08 15:30:00,DEV_DB,13,70,4,6
2026-06-08 15:30:00,TEST_DB,30,89,5,13
2026-06-08 16:00:00,PROD_DB,71,124,10,28
2026-06-08 16:00:00,DEV_DB,23,86,2,5
2026-06-08 16:00:00,TEST_DB,8,78,7,7
2026-06-08 16:30:00,PROD_DB,56,153,4,17
2026-06-08 16:30:00,DEV_DB,26,45,2,6
2026-06-08 16:30:00,TEST_DB,14,113,7,10
2026-06-08 17:00:00,PROD_DB,68,108,0,20
2026-06-08 17:00:00,DEV_DB,19,46,3,3
2026-06-08 17:00:00,TEST_DB,19,64,2,4
2026-06-08 17:30:00,PROD_DB,71,201,0,10
2026-06-08 17:30:00,DEV_DB,34,80,3,0
2026-06-08 17:30:00,TEST_DB,13,105,7,14
2026-06-08 18:00:00,PROD_DB,66,266,10,15
2026-06-08 18:00:00,DEV_DB,10,52,1,6
2026-06-08 18:00:00,TEST_DB,33,96,0,1
2026-06-08 18:30:00,PROD_DB,63,172,12,15
2026-06-08 18:30:00,DEV_DB,15,81,4,2
2026-06-08 18:30:00,TEST_DB,21,102,0,11
2026-06-08 19:00:00,PROD_DB,35,180,2,35
2026-06-08 19:00:00,DEV_DB,24,61,3,1
2026-06-08 19:00:00,TEST_DB,21,82,3,2
2026-06-08 19:30:00,PROD_DB,74,177,9,10
2026-06-08 19:30:00,DEV_DB,23,63,4,6
2026-06-08 19:30:00,TEST_DB,8,98,4,2
2026-06-08 20:00:00,PROD_DB,40,220,0,26
2026-06-08 20:00:00,DEV_DB,17,94,4,5
2026-06-08 20:00:00,TEST_DB,12,52,7,13
2026-06-08 20:30:00,PROD_DB,69,246,11,25
2026-06-08 20:30:00,DEV_DB,36,72,1,8
2026-06-08 20:30:00,TEST_DB,24,107,3,6
2026-06-08 21:00:00,PROD_DB,36,219,5,28
2026-06-08 21:00:00,DEV_DB,34,36,2,1
2026-06-08 21:00:00,TEST_DB,20,90,1,3
2026-06-08 21:30:00,PROD_DB,50,171,11,10
2026-06-08 21:30:00,DEV_DB,26,41,4,4
2026-06-08 21:30:00,TEST_DB,31,51,0,5
2026-06-08 22:00:00,PROD_DB,67,104,8,37
2026-06-08 22:00:00,DEV_DB,23,98,2,0
2026-06-08 22:00:00,TEST_DB,34,89,7,8
2026-06-08 22:30:00,PROD_DB,53,296,10,11
2026-06-08 22:30:00,DEV_DB,39,76,3,0
2026-06-08 22:30:00,TEST_DB,17,93,6,14
2026-06-08 23:00:00,PROD_DB,57,113,6,28
2026-06-08 23:00:00,DEV_DB,31,49,4,7
2026-06-08 23:00:00,TEST_DB,22,102,1,8
2026-06-08 23:30:00,PROD_DB,42,161,12,19
2026-06-08 23:30:00,DEV_DB,26,95,1,4
2026-06-08 23:30:00,TEST_DB,32,101,0,4
2026-06-09 00:00:00,PROD_DB,52,268,0,36
2026-06-09 00:00:00,DEV_DB,26,32,1,1
2026-06-09 00:00:00,TEST_DB,29,74,7,1
2026-06-09 00:30:00,PROD_DB,58,173,5,31
2026-06-09 00:30:00,DEV_DB,35,72,2,5
2026-06-09 00:30:00,TEST_DB,24,80,5,3
2026-06-09 01:00:00,PROD_DB,53,183,2,24
2026-06-09 01:00:00,DEV_DB,11,59,4,1
2026-06-09 01:00:00,TEST_DB,26,106,5,14
2026-06-09 01:30:00,PROD_DB,61,109,8,10
2026-06-09 01:30:00,DEV_DB,25,99,0,3
2026-06-09 01:30:00,TEST_DB,31,41,4,3
2026-06-09 02:00:00,PROD_DB,35,182,9,34
2026-06-09 02:00:00,DEV_DB,19,82,2,5
2026-06-09 02:00:00,TEST_DB,23,87,4,10
2026-06-09 02:30:00,PROD_DB,56,199,1,39
2026-06-09 02:30:00,DEV_DB,34,57,0,0
2026-06-09 02:30:00,TEST_DB,17,107,6,0
2026-06-09 03:00:00,PROD_DB,43,263,2,10
2026-06-09 03:00:00,DEV_DB,19,65,0,9
2026-06-09 03:00:00,TEST_DB,10,87,5,0
2026-06-09 03:30:00,PROD_DB,44,213,10,31
2026-06-09 03:30:00,DEV_DB,27,64,3,4
2026-06-09 03:30:00,TEST_DB,29,67,6,14
2026-06-09 04:00:00,PROD_DB,38,192,10,18
2026-06-09 04:00:00,DEV_DB,36,55,2,7
2026-06-09 04:00:00,TEST_DB,32,56,2,8
2026-06-09 04:30:00,PROD_DB,54,267,6,26
2026-06-09 04:30:00,DEV_DB,30,52,3,0
2026-06-09 04:30:00,TEST_DB,29,108,2,1
2026-06-09 05:00:00,PROD_DB,74,160,1,12
2026-06-09 05:00:00,DEV_DB,39,87,0,1
2026-06-09 05:00:00,TEST_DB,34,87,6,9
2026-06-09 05:30:00,PROD_DB,52,137,14,28
2026-06-09 05:30:00,DEV_DB,13,88,4,7
2026-06-09 05:30:00,TEST_DB,18,42,1,5
2026-06-09 06:00:00,PROD_DB,35,219,10,23
2026-06-09 06:00:00,DEV_DB,17,80,1,0
2026-06-09 06:00:00,TEST_DB,13,45,2,8
2026-06-09 06:30:00,PROD_DB,73,212,11,37
2026-06-09 06:30:00,DEV_DB,10,83,4,8
2026-06-09 06:30:00,TEST_DB,22,95,2,4
2026-06-09 07:00:00,PROD_DB,36,288,9,20
2026-06-09 07:00:00,DEV_DB,36,89,1,7
2026-06-09 07:00:00,TEST_DB,8,76,6,11
2026-06-09 07:30:00,PROD_DB,52,197,14,31
2026-06-09 07:30:00,DEV_DB,20,87,0,3
2026-06-09 07:30:00,TEST_DB,26,46,4,10
2026-06-09 08:00:00,PROD_DB,58,167,11,24
2026-06-09 08:00:00,DEV_DB,10,84,2,5
2026-06-09 08:00:00,TEST_DB,22,40,5,5
2026-06-09 08:30:00,PROD_DB,55,256,4,26
2026-06-09 08:30:00,DEV_DB,19,50,1,6
2026-06-09 08:30:00,TEST_DB,7,86,3,2
2026-06-09 09:00:00,PROD_DB,69,295,4,10
2026-06-09 09:00:00,DEV_DB,13,41,3,7
2026-06-09 09:00:00,TEST_DB,14,62,0,4
2026-06-09 09:30:00,PROD_DB,58,252,12,32
2026-06-09 09:30:00,DEV_DB,23,61,4,3
2026-06-09 09:30:00,TEST_DB,18,88,1,9
2026-06-09 10:00:00,PROD_DB,73,179,0,26
2026-06-09 10:00:00,DEV_DB,30,90,0,5
2026-06-09 10:00:00,TEST_DB,23,74,6,5
2026-06-09 10:30:00,PROD_DB,39,269,6,26
2026-06-09 10:30:00,DEV_DB,21,96,0,5
2026-06-09 10:30:00,TEST_DB,13,68,6,4
2026-06-09 11:00:00,PROD_DB,57,240,13,29
2026-06-09 11:00:00,DEV_DB,24,52,4,0
2026-06-09 11:00:00,TEST_DB,27,105,4,5
2026-06-09 11:30:00,PROD_DB,52,193,5,31
2026-06-09 11:30:00,DEV_DB,10,59,0,9
2026-06-09 11:30:00,TEST_DB,23,117,1,9
2026-06-09 12:00:00,PROD_DB,70,261,8,19
2026-06-09 12:00:00,DEV_DB,37,40,2,5
2026-06-09 12:00:00,TEST_DB,19,67,7,7
2026-06-09 12:30:00,PROD_DB,43,274,0,39
2026-06-09 12:30:00,DEV_DB,10,48,2,9
2026-06-09 12:30:00,TEST_DB,12,86,1,0
2026-06-09 13:00:00,PROD_DB,63,277,1,28
2026-06-09 13:00:00,DEV_DB,22,30,1,0
2026-06-09 13:00:00,TEST_DB,25,103,4,12
2026-06-09 13:30:00,PROD_DB,73,227,7,35
2026-06-09 13:30:00,DEV_DB,26,42,4,9
2026-06-09 13:30:00,TEST_DB,21,106,6,9
2026-06-09 14:00:00,PROD_DB,73,152,0,26
2026-06-09 14:00:00,DEV_DB,39,46,2,8
2026-06-09 14:00:00,TEST_DB,31,42,6,12
2026-06-09 14:30:00,PROD_DB,66,125,11,25
2026-06-09 14:30:00,DEV_DB,34,83,3,8
2026-06-09 14:30:00,TEST_DB,28,95,0,12
2026-06-09 15:00:00,PROD_DB,56,179,8,28
2026-06-09 15:00:00,DEV_DB,21,80,0,6
2026-06-09 15:00:00,TEST_DB,18,68,2,2
2026-06-09 15:30:00,PROD_DB,36,268,12,24
2026-06-09 15:30:00,DEV_DB,12,40,4,8
2026-06-09 15:30:00,TEST_DB,12,57,2,1
2026-06-09 16:00:00,PROD_DB,66,235,5,15
2026-06-09 16:00:00,DEV_DB,21,86,3,3
2026-06-09 16:00:00,TEST_DB,29,88,4,1
2026-06-09 16:30:00,PROD_DB,36,176,12,31
2026-06-09 16:30:00,DEV_DB,24,49,4,9
2026-06-09 16:30:00,TEST_DB,33,106,2,2
2026-06-09 17:00:00,PROD_DB,48,163,7,36
2026-06-09 17:00:00,DEV_DB,32,91,3,3
2026-06-09 17:00:00,TEST_DB,15,69,2,1
2026-06-09 17:30:00,PROD_DB,43,191,14,37
2026-06-09 17:30:00,DEV_DB,11,90,0,3
2026-06-09 17:30:00,TEST_DB,12,112,1,9
2026-06-09 18:00:00,PROD_DB,71,211,12,39
2026-06-09 18:00:00,DEV_DB,16,87,3,0
2026-06-09 18:00:00,TEST_DB,7,103,3,12
2026-06-09 18:30:00,PROD_DB,41,191,8,37
2026-06-09 18:30:00,DEV_DB,15,58,1,0
2026-06-09 18:30:00,TEST_DB,20,42,4,9
2026-06-09 19:00:00,PROD_DB,70,161,9,21
2026-06-09 19:00:00,DEV_DB,19,90,4,5
2026-06-09 19:00:00,TEST_DB,20,47,7,10
2026-06-09 19:30:00,PROD_DB,74,286,1,39
2026-06-09 19:30:00,DEV_DB,39,39,3,0
2026-06-09 19:30:00,TEST_DB,30,41,1,11
2026-06-09 20:00:00,PROD_DB,60,122,1,39
2026-06-09 20:00:00,DEV_DB,26,91,0,2
2026-06-09 20:00:00,TEST_DB,10,106,5,12
2026-06-09 20:30:00,PROD_DB,35,272,11,30
2026-06-09 20:30:00,DEV_DB,35,42,2,3
2026-06-09 20:30:00,TEST_DB,11,61,1,6
2026-06-09 21:00:00,PROD_DB,49,231,6,32
2026-06-09 21:00:00,DEV_DB,15,62,3,7
2026-06-09 21:00:00,TEST_DB,5,76,6,5
2026-06-09 21:30:00,PROD_DB,40,224,4,12
2026-06-09 21:30:00,DEV_DB,24,34,3,7
2026-06-09 21:30:00,TEST_DB,18,89,7,5
2026-06-09 22:00:00,PROD_DB,59,155,13,36
2026-06-09 22:00:00,DEV_DB,33,58,4,5
2026-06-09 22:00:00,TEST_DB,22,41,7,10
2026-06-09 22:30:00,PROD_DB,67,281,12,15
2026-06-09 22:30:00,DEV_DB,25,56,3,9
2026-06-09 22:30:00,TEST_DB,7,74,6,14
2026-06-09 23:00:00,PROD_DB,50,112,0,12
2026-06-09 23:00:00,DEV_DB,29,88,4,2
2026-06-09 23:00:00,TEST_DB,26,114,5,14
2026-06-09 23:30:00,PROD_DB,69,185,5,23
2026-06-09 23:30:00,DEV_DB,33,78,3,6
2026-06-09 23:30:00,TEST_DB,19,97,2,2
2026-06-10 00:00:00,PROD_DB,50,296,4,38
2026-06-10 00:00:00,DEV_DB,19,54,3,2
2026-06-10 00:00:00,TEST_DB,15,105,1,12
2026-06-10 00:30:00,PROD_DB,59,119,2,32
2026-06-10 00:30:00,DEV_DB,33,40,1,6
2026-06-10 00:30:00,TEST_DB,32,108,6,10
2026-06-10 01:00:00,PROD_DB,39,150,4,21
2026-06-10 01:00:00,DEV_DB,27,33,0,9
2026-06-10 01:00:00,TEST_DB,24,77,0,13
2026-06-10 01:30:00,PROD_DB,45,131,10,38
2026-06-10 01:30:00,DEV_DB,27,56,1,7
2026-06-10 01:30:00,TEST_DB,27,114,4,11
2026-06-10 02:00:00,PROD_DB,39,186,8,36
2026-06-10 02:00:00,DEV_DB,34,83,1,5
2026-06-10 02:00:00,TEST_DB,23,104,7,6
2026-06-10 02:30:00,PROD_DB,38,292,14,17
2026-06-10 02:30:00,DEV_DB,21,51,1,0
2026-06-10 02:30:00,TEST_DB,33,85,5,1
2026-06-10 03:00:00,PROD_DB,54,277,0,32
2026-06-10 03:00:00,DEV_DB,36,72,3,7
2026-06-10 03:00:00,TEST_DB,26,59,5,5
2026-06-10 03:30:00,PROD_DB,37,255,7,35
2026-06-10 03:30:00,DEV_DB,39,42,4,1
2026-06-10 03:30:00,TEST_DB,9,88,5,1
2026-06-10 04:00:00,PROD_DB,70,281,9,20
2026-06-10 04:00:00,DEV_DB,17,69,2,5
2026-06-10 04:00:00,TEST_DB,24,47,4,7
2026-06-10 04:30:00,PROD_DB,60,257,0,29
2026-06-10 04:30:00,DEV_DB,29,84,2,6
2026-06-10 04:30:00,TEST_DB,20,84,2,14
2026-06-10 05:00:00,PROD_DB,61,280,6,33
2026-06-10 05:00:00,DEV_DB,18,64,2,3
2026-06-10 05:00:00,TEST_DB,9,96,7,14
2026-06-10 05:30:00,PROD_DB,65,216,13,23
2026-06-10 05:30:00,DEV_DB,29,82,3,0
2026-06-10 05:30:00,TEST_DB,21,103,1,13
2026-06-10 06:00:00,PROD_DB,63,246,13,20
2026-06-10 06:00:00,DEV_DB,11,79,3,9
2026-06-10 06:00:00,TEST_DB,6,59,1,5
2026-06-10 06:30:00,PROD_DB,58,237,3,24
2026-06-10 06:30:00,DEV_DB,14,32,4,8
2026-06-10 06:30:00,TEST_DB,12,111,7,11
2026-06-10 07:00:00,PROD_DB,57,203,10,23
2026-06-10 07:00:00,DEV_DB,17,85,3,9
2026-06-10 07:00:00,TEST_DB,11,67,0,3
2026-06-10 07:30:00,PROD_DB,47,135,4,35
2026-06-10 07:30:00,DEV_DB,31,33,1,5
2026-06-10 07:30:00,TEST_DB,28,61,1,14
2026-06-10 08:00:00,PROD_DB,45,145,13,14
2026-06-10 08:00:00,DEV_DB,15,39,2,6
2026-06-10 08:00:00,TEST_DB,21,104,6,14
2026-06-10 08:30:00,PROD_DB,65,156,6,19
2026-06-10 08:30:00,DEV_DB,30,85,1,8
2026-06-10 08:30:00,TEST_DB,26,52,0,1
2026-06-10 09:00:00,PROD_DB,46,267,0,24
2026-06-10 09:00:00,DEV_DB,19,44,4,0
2026-06-10 09:00:00,TEST_DB,13,79,3,9
2026-06-10 09:30:00,PROD_DB,61,181,12,25
2026-06-10 09:30:00,DEV_DB,18,92,3,5
2026-06-10 09:30:00,TEST_DB,23,99,6,8
2026-06-10 10:00:00,PROD_DB,69,147,1,25
2026-06-10 10:00:00,DEV_DB,32,68,3,8
2026-06-10 10:00:00,TEST_DB,34,52,4,0
2026-06-10 10:30:00,PROD_DB,71,233,2,22
2026-06-10 10:30:00,DEV_DB,34,89,1,5
2026-06-10 10:30:00,TEST_DB,8,78,7,8
2026-06-10 11:00:00,PROD_DB,47,259,10,15
2026-06-10 11:00:00,DEV_DB,15,82,2,2
2026-06-10 11:00:00,TEST_DB,17,119,5,12
2026-06-10 11:30:00,PROD_DB,72,299,6,17
2026-06-10 11:30:00,DEV_DB,39,86,2,9
2026-06-10 11:30:00,TEST_DB,7,98,3,0
2026-06-10 12:00:00,PROD_DB,65,192,14,14
2026-06-10 12:00:00,DEV_DB,39,81,0,8
2026-06-10 12:00:00,TEST_DB,34,61,3,12
2026-06-10 12:30:00,PROD_DB,54,180,5,13
2026-06-10 12:30:00,DEV_DB,10,30,4,0
2026-06-10 12:30:00,TEST_DB,28,97,7,1
2026-06-10 13:00:00,PROD_DB,61,208,6,23
2026-06-10 13:00:00,DEV_DB,17,37,2,9
2026-06-10 13:00:00,TEST_DB,19,98,4,6
2026-06-10 13:30:00,PROD_DB,71,255,8,38
2026-06-10 13:30:00,DEV_DB,25,31,1,0
2026-06-10 13:30:00,TEST_DB,34,52,7,1
2026-06-10 14:00:00,PROD_DB,63,193,1,22
2026-06-10 14:00:00,DEV_DB,20,50,0,7
2026-06-10 14:00:00,TEST_DB,23,54,0,3
2026-06-10 14:30:00,PROD_DB,44,207,14,30
2026-06-10 14:30:00,DEV_DB,32,81,0,8
2026-06-10 14:30:00,TEST_DB,24,48,5,14
2026-06-10 15:00:00,PROD_DB,35,143,2,20
2026-06-10 15:00:00,DEV_DB,11,38,3,0
2026-06-10 15:00:00,TEST_DB,17,117,0,8
2026-06-10 15:30:00,PROD_DB,42,171,10,39
2026-06-10 15:30:00,DEV_DB,21,94,2,7
2026-06-10 15:30:00,TEST_DB,14,101,2,10
2026-06-10 16:00:00,PROD_DB,73,270,14,26
2026-06-10 16:00:00,DEV_DB,10,61,1,4
2026-06-10 16:00:00,TEST_DB,25,79,6,7
2026-06-10 16:30:00,PROD_DB,40,185,1,15
2026-06-10 16:30:00,DEV_DB,14,93,2,5
2026-06-10 16:30:00,TEST_DB,12,88,2,2
2026-06-10 17:00:00,PROD_DB,45,187,0,30
2026-06-10 17:00:00,DEV_DB,28,95,2,6
2026-06-10 17:00:00,TEST_DB,32,56,5,2
2026-06-10 17:30:00,PROD_DB,72,127,1,15
2026-06-10 17:30:00,DEV_DB,32,66,2,3
2026-06-10 17:30:00,TEST_DB,8,88,2,3
2026-06-10 18:00:00,PROD_DB,47,151,9,26
2026-06-10 18:00:00,DEV_DB,18,89,2,9
2026-06-10 18:00:00,TEST_DB,32,95,2,11
2026-06-10 18:30:00,PROD_DB,35,269,1,25
2026-06-10 18:30:00,DEV_DB,17,92,3,7
2026-06-10 18:30:00,TEST_DB,28,119,1,3
2026-06-10 19:00:00,PROD_DB,72,254,8,24
2026-06-10 19:00:00,DEV_DB,25,85,3,7
2026-06-10 19:00:00,TEST_DB,27,53,4,8
2026-06-10 19:30:00,PROD_DB,68,166,9,33
2026-06-10 19:30:00,DEV_DB,39,55,3,7
2026-06-10 19:30:00,TEST_DB,14,106,7,4
2026-06-10 20:00:00,PROD_DB,37,285,10,25
2026-06-10 20:00:00,DEV_DB,26,44,2,8
2026-06-10 20:00:00,TEST_DB,25,83,1,14
2026-06-10 20:30:00,PROD_DB,68,194,1,29
2026-06-10 20:30:00,DEV_DB,21,33,0,5
2026-06-10 20:30:00,TEST_DB,29,105,5,2
2026-06-10 21:00:00,PROD_DB,55,183,0,29
2026-06-10 21:00:00,DEV_DB,31,91,4,0
2026-06-10 21:00:00,TEST_DB,24,77,4,14
2026-06-10 21:30:00,PROD_DB,49,145,8,30
2026-06-10 21:30:00,DEV_DB,33,34,0,6
2026-06-10 21:30:00,TEST_DB,8,57,4,11
2026-06-10 22:00:00,PROD_DB,69,203,6,12
2026-06-10 22:00:00,DEV_DB,17,39,0,3
2026-06-10 22:00:00,TEST_DB,21,111,6,10
2026-06-10 22:30:00,PROD_DB,39,221,12,30
2026-06-10 22:30:00,DEV_DB,32,66,2,5
2026-06-10 22:30:00,TEST_DB,33,108,0,10
2026-06-10 23:00:00,PROD_DB,36,292,7,37
2026-06-10 23:00:00,DEV_DB,28,59,2,6
2026-06-10 23:00:00,TEST_DB,30,116,2,7
2026-06-10 23:30:00,PROD_DB,62,221,13,18
2026-06-10 23:30:00,DEV_DB,16,87,4,7
2026-06-10 23:30:00,TEST_DB,19,73,6,14
2026-06-11 00:00:00,PROD_DB,59,175,0,32
2026-06-11 00:00:00,DEV_DB,31,69,4,0
2026-06-11 00:00:00,TEST_DB,5,102,1,5
2026-06-11 00:30:00,PROD_DB,55,178,0,31
2026-06-11 00:30:00,DEV_DB,15,37,0,0
2026-06-11 00:30:00,TEST_DB,26,52,0,5
2026-06-11 01:00:00,PROD_DB,51,177,12,15
2026-06-11 01:00:00,DEV_DB,12,43,4,5
2026-06-11 01:00:00,TEST_DB,33,66,4,0
2026-06-11 01:30:00,PROD_DB,65,262,11,15
2026-06-11 01:30:00,DEV_DB,14,87,0,6
2026-06-11 01:30:00,TEST_DB,29,73,1,14
2026-06-11 02:00:00,PROD_DB,39,119,5,15
2026-06-11 02:00:00,DEV_DB,36,93,1,1
2026-06-11 02:00:00,TEST_DB,8,56,0,13
2026-06-11 02:30:00,PROD_DB,48,112,6,21
2026-06-11 02:30:00,DEV_DB,32,44,2,2
2026-06-11 02:30:00,TEST_DB,21,74,2,3
2026-06-11 03:00:00,PROD_DB,70,262,9,25
2026-06-11 03:00:00,DEV_DB,21,53,4,0
2026-06-11 03:00:00,TEST_DB,11,89,0,2
2026-06-11 03:30:00,PROD_DB,66,263,12,15
2026-06-11 03:30:00,DEV_DB,35,43,4,3
2026-06-11 03:30:00,TEST_DB,12,98,7,11
2026-06-11 04:00:00,PROD_DB,50,289,3,22
2026-06-11 04:00:00,DEV_DB,35,57,4,1
2026-06-11 04:00:00,TEST_DB,7,47,7,14
2026-06-11 04:30:00,PROD_DB,65,144,1,17
2026-06-11 04:30:00,DEV_DB,16,86,2,9
2026-06-11 04:30:00,TEST_DB,10,57,1,4
2026-06-11 05:00:00,PROD_DB,63,266,11,11
2026-06-11 05:00:00,DEV_DB,20,74,4,5
2026-06-11 05:00:00,TEST_DB,28,43,4,6
2026-06-11 05:30:00,PROD_DB,40,131,9,27
2026-06-11 05:30:00,DEV_DB,24,69,1,8
2026-06-11 05:30:00,TEST_DB,9,113,3,5
2026-06-11 06:00:00,PROD_DB,37,205,10,20
2026-06-11 06:00:00,DEV_DB,26,33,3,0
2026-06-11 06:00:00,TEST_DB,13,44,7,5
2026-06-11 06:30:00,PROD_DB,40,134,5,10
2026-06-11 06:30:00,DEV_DB,29,51,2,9
2026-06-11 06:30:00,TEST_DB,7,48,3,11
2026-06-11 07:00:00,PROD_DB,57,113,0,27
2026-06-11 07:00:00,DEV_DB,26,52,1,2
2026-06-11 07:00:00,TEST_DB,33,86,4,14
2026-06-11 07:30:00,PROD_DB,57,129,8,37
2026-06-11 07:30:00,DEV_DB,11,54,1,9
2026-06-11 07:30:00,TEST_DB,29,97,5,6
2026-06-11 08:00:00,PROD_DB,59,177,2,29
2026-06-11 08:00:00,DEV_DB,25,39,2,4
2026-06-11 08:00:00,TEST_DB,25,84,6,6
2026-06-11 08:30:00,PROD_DB,51,291,13,11
2026-06-11 08:30:00,DEV_DB,21,71,1,5
2026-06-11 08:30:00,TEST_DB,31,114,7,0
2026-06-11 09:00:00,PROD_DB,52,286,9,25
2026-06-11 09:00:00,DEV_DB,15,86,3,9
2026-06-11 09:00:00,TEST_DB,16,99,4,3
2026-06-11 09:30:00,PROD_DB,73,229,9,36
2026-06-11 09:30:00,DEV_DB,36,56,3,0
2026-06-11 09:30:00,TEST_DB,33,75,4,7
2026-06-11 10:00:00,PROD_DB,39,189,3,37
2026-06-11 10:00:00,DEV_DB,31,76,3,4
2026-06-11 10:00:00,TEST_DB,34,62,7,13
2026-06-11 10:30:00,PROD_DB,44,170,12,29
2026-06-11 10:30:00,DEV_DB,37,66,4,2
2026-06-11 10:30:00,TEST_DB,19,86,5,3
2026-06-11 11:00:00,PROD_DB,53,205,4,14
2026-06-11 11:00:00,DEV_DB,36,84,3,3
2026-06-11 11:00:00,TEST_DB,29,109,6,3
2026-06-11 11:30:00,PROD_DB,36,249,1,14
2026-06-11 11:30:00,DEV_DB,31,59,4,2
2026-06-11 11:30:00,TEST_DB,27,73,4,10
2026-06-11 12:00:00,PROD_DB,63,199,5,29
2026-06-11 12:00:00,DEV_DB,29,65,0,6
2026-06-11 12:00:00,TEST_DB,23,58,5,5
2026-06-11 12:30:00,PROD_DB,49,284,3,18
2026-06-11 12:30:00,DEV_DB,13,79,1,4
2026-06-11 12:30:00,TEST_DB,24,114,4,5
2026-06-11 13:00:00,PROD_DB,38,143,1,22
2026-06-11 13:00:00,DEV_DB,19,38,1,6
2026-06-11 13:00:00,TEST_DB,8,58,1,13
2026-06-11 13:30:00,PROD_DB,65,227,2,34
2026-06-11 13:30:00,DEV_DB,30,90,2,4
2026-06-11 13:30:00,TEST_DB,6,98,3,9
2026-06-11 14:00:00,PROD_DB,36,293,11,33
2026-06-11 14:00:00,DEV_DB,26,45,4,7
2026-06-11 14:00:00,TEST_DB,5,50,6,4
2026-06-11 14:30:00,PROD_DB,38,170,9,24
2026-06-11 14:30:00,DEV_DB,27,41,0,0
2026-06-11 14:30:00,TEST_DB,15,104,6,11
2026-06-11 15:00:00,PROD_DB,41,229,9,33
2026-06-11 15:00:00,DEV_DB,13,48,1,7
2026-06-11 15:00:00,TEST_DB,22,82,2,12
2026-06-11 15:30:00,PROD_DB,37,111,2,19
2026-06-11 15:30:00,DEV_DB,36,83,1,0
2026-06-11 15:30:00,TEST_DB,20,41,3,5
2026-06-11 16:00:00,PROD_DB,64,183,5,37
2026-06-11 16:00:00,DEV_DB,34,39,3,9
2026-06-11 16:00:00,TEST_DB,12,116,7,8
2026-06-11 16:30:00,PROD_DB,71,121,8,29
2026-06-11 16:30:00,DEV_DB,27,56,0,1
2026-06-11 16:30:00,TEST_DB,30,105,3,7
2026-06-11 17:00:00,PROD_DB,43,175,9,18
2026-06-11 17:00:00,DEV_DB,19,77,3,6
2026-06-11 17:00:00,TEST_DB,32,105,0,2
2026-06-11 17:30:00,PROD_DB,70,251,5,36
2026-06-11 17:30:00,DEV_DB,11,60,0,1
2026-06-11 17:30:00,TEST_DB,33,54,3,4
2026-06-11 18:00:00,PROD_DB,62,183,12,16
2026-06-11 18:00:00,DEV_DB,33,50,1,4
2026-06-11 18:00:00,TEST_DB,22,53,1,9
2026-06-11 18:30:00,PROD_DB,46,249,7,15
2026-06-11 18:30:00,DEV_DB,13,74,3,5
2026-06-11 18:30:00,TEST_DB,18,119,4,3
2026-06-11 19:00:00,PROD_DB,59,195,0,22
2026-06-11 19:00:00,DEV_DB,13,49,1,5
2026-06-11 19:00:00,TEST_DB,7,62,7,12
2026-06-11 19:30:00,PROD_DB,50,286,4,13
2026-06-11 19:30:00,DEV_DB,30,99,3,0
2026-06-11 19:30:00,TEST_DB,17,53,4,6
2026-06-11 20:00:00,PROD_DB,66,114,11,26
2026-06-11 20:00:00,DEV_DB,18,83,3,1
2026-06-11 20:00:00,TEST_DB,9,66,3,6
2026-06-11 20:30:00,PROD_DB,74,222,13,24
2026-06-11 20:30:00,DEV_DB,20,60,2,0
2026-06-11 20:30:00,TEST_DB,32,93,5,6
2026-06-11 21:00:00,PROD_DB,66,267,12,36
2026-06-11 21:00:00,DEV_DB,29,64,4,8
2026-06-11 21:00:00,TEST_DB,33,109,6,8
2026-06-11 21:30:00,PROD_DB,65,121,1,22
2026-06-11 21:30:00,DEV_DB,14,30,3,6
2026-06-11 21:30:00,TEST_DB,15,78,6,5
2026-06-11 22:00:00,PROD_DB,58,256,5,35
2026-06-11 22:00:00,DEV_DB,25,49,2,0
2026-06-11 22:00:00,TEST_DB,30,92,6,0
2026-06-11 22:30:00,PROD_DB,51,293,12,29
2026-06-11 22:30:00,DEV_DB,15,37,4,2
2026-06-11 22:30:00,TEST_DB,5,42,3,2
2026-06-11 23:00:00,PROD_DB,39,207,11,29
2026-06-11 23:00:00,DEV_DB,22,49,0,6
2026-06-11 23:00:00,TEST_DB,8,58,5,10
2026-06-11 23:30:00,PROD_DB,47,240,11,34
2026-06-11 23:30:00,DEV_DB,31,81,4,5
2026-06-11 23:30:00,TEST_DB,15,111,3,7
2026-06-12 00:00:00,PROD_DB,60,214,9,32
2026-06-12 00:00:00,DEV_DB,20,57,0,3
2026-06-12 00:00:00,TEST_DB,28,78,2,11
2026-06-12 00:30:00,PROD_DB,49,282,13,20
2026-06-12 00:30:00,DEV_DB,35,71,2,5
2026-06-12 00:30:00,TEST_DB,6,82,2,5
2026-06-12 01:00:00,PROD_DB,72,212,9,37
2026-06-12 01:00:00,DEV_DB,10,88,3,5
2026-06-12 01:00:00,TEST_DB,19,46,2,6
2026-06-12 01:30:00,PROD_DB,38,252,11,35
2026-06-12 01:30:00,DEV_DB,15,41,2,2
2026-06-12 01:30:00,TEST_DB,25,76,5,4
2026-06-12 02:00:00,PROD_DB,58,220,12,34
2026-06-12 02:00:00,DEV_DB,38,83,0,3
2026-06-12 02:00:00,TEST_DB,26,43,2,0
2026-06-12 02:30:00,PROD_DB,41,209,9,20
2026-06-12 02:30:00,DEV_DB,37,83,0,6
2026-06-12 02:30:00,TEST_DB,17,62,1,11
2026-06-12 03:00:00,PROD_DB,60,252,5,38
2026-06-12 03:00:00,DEV_DB,28,65,2,0
2026-06-12 03:00:00,TEST_DB,7,119,5,13
2026-06-12 03:30:00,PROD_DB,63,272,14,23
2026-06-12 03:30:00,DEV_DB,33,80,1,4
2026-06-12 03:30:00,TEST_DB,26,77,7,6
2026-06-12 04:00:00,PROD_DB,59,106,5,26
2026-06-12 04:00:00,DEV_DB,27,70,1,9
2026-06-12 04:00:00,TEST_DB,29,46,7,12
2026-06-12 04:30:00,PROD_DB,72,151,0,10
2026-06-12 04:30:00,DEV_DB,21,82,3,1
2026-06-12 04:30:00,TEST_DB,8,56,3,10
2026-06-12 05:00:00,PROD_DB,60,103,0,16
2026-06-12 05:00:00,DEV_DB,39,79,0,2
2026-06-12 05:00:00,TEST_DB,12,63,2,3
2026-06-12 05:30:00,PROD_DB,61,131,13,34
2026-06-12 05:30:00,DEV_DB,27,57,3,2
2026-06-12 05:30:00,TEST_DB,19,98,6,3
2026-06-12 06:00:00,PROD_DB,71,116,6,25
2026-06-12 06:00:00,DEV_DB,23,77,0,3
2026-06-12 06:00:00,TEST_DB,34,69,5,10
2026-06-12 06:30:00,PROD_DB,36,207,11,39
2026-06-12 06:30:00,DEV_DB,13,47,1,4
2026-06-12 06:30:00,TEST_DB,11,40,6,9
2026-06-12 07:00:00,PROD_DB,60,186,9,22
2026-06-12 07:00:00,DEV_DB,15,99,3,7
2026-06-12 07:00:00,TEST_DB,28,58,4,1
2026-06-12 07:30:00,PROD_DB,65,200,13,34
2026-06-12 07:30:00,DEV_DB,19,62,1,4
2026-06-12 07:30:00,TEST_DB,16,66,6,8
2026-06-12 08:00:00,PROD_DB,55,175,6,38
2026-06-12 08:00:00,DEV_DB,10,91,4,1
2026-06-12 08:00:00,TEST_DB,24,83,5,1
2026-06-12 08:30:00,PROD_DB,37,234,10,27
2026-06-12 08:30:00,DEV_DB,21,67,4,9
2026-06-12 08:30:00,TEST_DB,5,98,6,9
2026-06-12 09:00:00,PROD_DB,45,167,10,27
2026-06-12 09:00:00,DEV_DB,13,51,1,5
2026-06-12 09:00:00,TEST_DB,14,64,6,8
2026-06-12 09:30:00,PROD_DB,55,154,10,25
2026-06-12 09:30:00,DEV_DB,23,68,3,2
2026-06-12 09:30:00,TEST_DB,27,88,0,9
2026-06-12 10:00:00,PROD_DB,56,259,4,32
2026-06-12 10:00:00,DEV_DB,14,71,4,9
2026-06-12 10:00:00,TEST_DB,31,78,1,14
2026-06-12 10:30:00,PROD_DB,41,256,10,24
2026-06-12 10:30:00,DEV_DB,12,39,3,2
2026-06-12 10:30:00,TEST_DB,10,51,6,5
2026-06-12 11:00:00,PROD_DB,47,192,2,12
2026-06-12 11:00:00,DEV_DB,17,37,1,3
2026-06-12 11:00:00,TEST_DB,19,43,2,4
2026-06-12 11:30:00,PROD_DB,37,144,7,32
2026-06-12 11:30:00,DEV_DB,25,96,0,4
2026-06-12 11:30:00,TEST_DB,29,110,6,6
2026-06-12 12:00:00,PROD_DB,72,268,5,33
2026-06-12 12:00:00,DEV_DB,26,73,0,9
2026-06-12 12:00:00,TEST_DB,15,119,5,7
2026-06-12 12:30:00,PROD_DB,59,149,11,34
2026-06-12 12:30:00,DEV_DB,26,89,1,8
2026-06-12 12:30:00,TEST_DB,8,62,2,5
2026-06-12 13:00:00,PROD_DB,39,270,8,27
2026-06-12 13:00:00,DEV_DB,39,42,2,1
2026-06-12 13:00:00,TEST_DB,31,99,6,8
2026-06-12 13:30:00,PROD_DB,62,278,7,36
2026-06-12 13:30:00,DEV_DB,24,38,3,0
2026-06-12 13:30:00,TEST_DB,8,85,0,1
2026-06-12 14:00:00,PROD_DB,37,253,7,15
2026-06-12 14:00:00,DEV_DB,25,53,4,4
2026-06-12 14:00:00,TEST_DB,29,59,5,1
2026-06-12 14:30:00,PROD_DB,52,165,9,32
2026-06-12 14:30:00,DEV_DB,22,76,3,1
2026-06-12 14:30:00,TEST_DB,19,94,2,2
2026-06-12 15:00:00,PROD_DB,69,152,9,23
2026-06-12 15:00:00,DEV_DB,23,74,3,7
2026-06-12 15:00:00,TEST_DB,13,104,2,10
2026-06-12 15:30:00,PROD_DB,56,250,7,31
2026-06-12 15:30:00,DEV_DB,28,84,3,0
2026-06-12 15:30:00,TEST_DB,23,67,2,3
2026-06-12 16:00:00,PROD_DB,71,253,2,11
2026-06-12 16:00:00,DEV_DB,12,69,4,6
2026-06-12 16:00:00,TEST_DB,32,93,5,11
2026-06-12 16:30:00,PROD_DB,69,287,12,23
2026-06-12 16:30:00,DEV_DB,17,84,4,9
2026-06-12 16:30:00,TEST_DB,12,64,0,0
2026-06-12 17:00:00,PROD_DB,40,250,2,32
2026-06-12 17:00:00,DEV_DB,20,52,4,1
2026-06-12 17:00:00,TEST_DB,27,118,0,4
2026-06-12 17:30:00,PROD_DB,73,250,10,22
2026-06-12 17:30:00,DEV_DB,21,76,2,9
2026-06-12 17:30:00,TEST_DB,11,89,7,3
2026-06-12 18:00:00,PROD_DB,61,233,10,18
2026-06-12 18:00:00,DEV_DB,30,86,4,9
2026-06-12 18:00:00,TEST_DB,12,84,4,0
2026-06-12 18:30:00,PROD_DB,57,247,4,31
2026-06-12 18:30:00,DEV_DB,30,46,3,8
2026-06-12 18:30:00,TEST_DB,6,64,1,1
2026-06-12 19:00:00,PROD_DB,40,174,8,38
2026-06-12 19:00:00,DEV_DB,15,35,4,1
2026-06-12 19:00:00,TEST_DB,12,42,6,4
2026-06-12 19:30:00,PROD_DB,69,251,2,27
2026-06-12 19:30:00,DEV_DB,26,64,0,3
2026-06-12 19:30:00,TEST_DB,29,84,0,11
2026-06-12 20:00:00,PROD_DB,68,188,1,38
2026-06-12 20:00:00,DEV_DB,28,52,2,8
2026-06-12 20:00:00,TEST_DB,20,93,2,8
2026-06-12 20:30:00,PROD_DB,35,141,2,10
2026-06-12 20:30:00,DEV_DB,11,84,1,1
2026-06-12 20:30:00,TEST_DB,29,84,5,4
2026-06-12 21:00:00,PROD_DB,40,195,8,25
2026-06-12 21:00:00,DEV_DB,20,68,1,9
2026-06-12 21:00:00,TEST_DB,34,57,3,7
2026-06-12 21:30:00,PROD_DB,43,114,3,17
2026-06-12 21:30:00,DEV_DB,18,38,1,3
2026-06-12 21:30:00,TEST_DB,21,55,6,2
2026-06-12 22:00:00,PROD_DB,39,104,3,24
2026-06-12 22:00:00,DEV_DB,27,31,4,3
2026-06-12 22:00:00,TEST_DB,14,113,4,14
2026-06-12 22:30:00,PROD_DB,42,166,14,23
2026-06-12 22:30:00,DEV_DB,18,40,2,4
2026-06-12 22:30:00,TEST_DB,33,81,4,3
2026-06-12 23:00:00,PROD_DB,47,111,4,19
2026-06-12 23:00:00,DEV_DB,37,81,1,5
2026-06-12 23:00:00,TEST_DB,28,99,6,6
2026-06-12 23:30:00,PROD_DB,74,163,6,30
2026-06-12 23:30:00,DEV_DB,32,58,1,2
2026-06-12 23:30:00,TEST_DB,9,70,1,3
2026-06-13 00:00:00,PROD_DB,51,229,8,22
2026-06-13 00:00:00,DEV_DB,35,99,2,9
2026-06-13 00:00:00,TEST_DB,7,114,5,3
2026-06-13 00:30:00,PROD_DB,39,158,11,28
2026-06-13 00:30:00,DEV_DB,39,91,0,3
2026-06-13 00:30:00,TEST_DB,19,94,2,6
2026-06-13 01:00:00,PROD_DB,48,276,2,15
2026-06-13 01:00:00,DEV_DB,13,36,2,0
2026-06-13 01:00:00,TEST_DB,29,55,6,5
2026-06-13 01:30:00,PROD_DB,74,278,7,27
2026-06-13 01:30:00,DEV_DB,37,71,0,6
2026-06-13 01:30:00,TEST_DB,31,49,1,3
2026-06-13 02:00:00,PROD_DB,59,105,7,27
2026-06-13 02:00:00,DEV_DB,32,35,4,8
2026-06-13 02:00:00,TEST_DB,27,85,7,10
2026-06-13 02:30:00,PROD_DB,60,226,2,39
2026-06-13 02:30:00,DEV_DB,11,57,2,5
2026-06-13 02:30:00,TEST_DB,33,117,2,9
2026-06-13 03:00:00,PROD_DB,55,153,7,16
2026-06-13 03:00:00,DEV_DB,39,88,2,3
2026-06-13 03:00:00,TEST_DB,20,98,6,8
2026-06-13 03:30:00,PROD_DB,35,256,14,17
2026-06-13 03:30:00,DEV_DB,33,97,2,2
2026-06-13 03:30:00,TEST_DB,26,46,2,0
2026-06-13 04:00:00,PROD_DB,61,298,11,32
2026-06-13 04:00:00,DEV_DB,18,71,4,0
2026-06-13 04:00:00,TEST_DB,22,102,3,4
2026-06-13 04:30:00,PROD_DB,51,275,4,25
2026-06-13 04:30:00,DEV_DB,12,76,2,3
2026-06-13 04:30:00,TEST_DB,18,102,7,12
2026-06-13 05:00:00,PROD_DB,65,194,0,37
2026-06-13 05:00:00,DEV_DB,33,52,1,1
2026-06-13 05:00:00,TEST_DB,26,117,1,14
2026-06-13 05:30:00,PROD_DB,49,169,10,24
2026-06-13 05:30:00,DEV_DB,27,65,2,8
2026-06-13 05:30:00,TEST_DB,6,100,7,13
2026-06-13 06:00:00,PROD_DB,47,100,1,39
2026-06-13 06:00:00,DEV_DB,24,60,4,8
2026-06-13 06:00:00,TEST_DB,10,53,7,10
2026-06-13 06:30:00,PROD_DB,36,200,13,34
2026-06-13 06:30:00,DEV_DB,33,90,4,5
2026-06-13 06:30:00,TEST_DB,7,55,1,9
2026-06-13 07:00:00,PROD_DB,51,179,9,32
2026-06-13 07:00:00,DEV_DB,11,33,4,6
2026-06-13 07:00:00,TEST_DB,6,45,0,6
2026-06-13 07:30:00,PROD_DB,59,168,4,29
2026-06-13 07:30:00,DEV_DB,25,80,0,4
2026-06-13 07:30:00,TEST_DB,12,112,4,9
2026-06-13 08:00:00,PROD_DB,36,108,10,13
2026-06-13 08:00:00,DEV_DB,31,93,1,6
2026-06-13 08:00:00,TEST_DB,33,77,2,13
2026-06-13 08:30:00,PROD_DB,67,117,6,10
2026-06-13 08:30:00,DEV_DB,10,30,3,3
2026-06-13 08:30:00,TEST_DB,33,66,2,10
2026-06-13 09:00:00,PROD_DB,66,260,11,19
2026-06-13 09:00:00,DEV_DB,18,84,3,5
2026-06-13 09:00:00,TEST_DB,34,119,1,6
2026-06-13 09:30:00,PROD_DB,58,155,0,22
2026-06-13 09:30:00,DEV_DB,33,47,4,0
2026-06-13 09:30:00,TEST_DB,9,82,6,12
2026-06-13 10:00:00,PROD_DB,51,178,1,32
2026-06-13 10:00:00,DEV_DB,31,59,1,1
2026-06-13 10:00:00,TEST_DB,30,107,2,6
2026-06-13 10:30:00,PROD_DB,52,205,6,17
2026-06-13 10:30:00,DEV_DB,15,94,3,0
2026-06-13 10:30:00,TEST_DB,24,68,4,9
2026-06-13 11:00:00,PROD_DB,48,108,10,24
2026-06-13 11:00:00,DEV_DB,21,71,2,7
2026-06-13 11:00:00,TEST_DB,23,109,7,3
2026-06-13 11:30:00,PROD_DB,58,254,5,17
2026-06-13 11:30:00,DEV_DB,10,83,0,0
2026-06-13 11:30:00,TEST_DB,28,86,6,2
2026-06-13 12:00:00,PROD_DB,56,162,8,32
2026-06-13 12:00:00,DEV_DB,37,91,4,5
2026-06-13 12:00:00,TEST_DB,15,68,2,8
2026-06-13 12:30:00,PROD_DB,68,292,14,39
2026-06-13 12:30:00,DEV_DB,25,47,1,0
2026-06-13 12:30:00,TEST_DB,10,53,6,8
2026-06-13 13:00:00,PROD_DB,49,209,7,31
2026-06-13 13:00:00,DEV_DB,12,85,2,8
2026-06-13 13:00:00,TEST_DB,16,74,1,12
2026-06-13 13:30:00,PROD_DB,35,151,4,38
2026-06-13 13:30:00,DEV_DB,15,66,0,2
2026-06-13 13:30:00,TEST_DB,5,60,4,11
2026-06-13 14:00:00,PROD_DB,74,125,11,10
2026-06-13 14:00:00,DEV_DB,13,93,2,0
2026-06-13 14:00:00,TEST_DB,29,98,6,6
2026-06-13 14:30:00,PROD_DB,41,207,14,11
2026-06-13 14:30:00,DEV_DB,23,97,2,1
2026-06-13 14:30:00,TEST_DB,14,89,4,0
2026-06-13 15:00:00,PROD_DB,71,239,5,31
2026-06-13 15:00:00,DEV_DB,18,30,4,9
2026-06-13 15:00:00,TEST_DB,10,57,5,12
2026-06-13 15:30:00,PROD_DB,67,122,6,35
2026-06-13 15:30:00,DEV_DB,22,36,3,9
2026-06-13 15:30:00,TEST_DB,5,118,3,12
2026-06-13 16:00:00,PROD_DB,61,284,4,38
2026-06-13 16:00:00,DEV_DB,11,84,1,0
2026-06-13 16:00:00,TEST_DB,20,77,6,13
2026-06-13 16:30:00,PROD_DB,63,253,2,24
2026-06-13 16:30:00,DEV_DB,12,58,1,0
2026-06-13 16:30:00,TEST_DB,13,80,6,6
2026-06-13 17:00:00,PROD_DB,37,157,14,27
2026-06-13 17:00:00,DEV_DB,20,36,0,0
2026-06-13 17:00:00,TEST_DB,33,53,3,5
2026-06-13 17:30:00,PROD_DB,73,109,6,35
2026-06-13 17:30:00,DEV_DB,11,59,3,4
2026-06-13 17:30:00,TEST_DB,34,99,0,0
2026-06-13 18:00:00,PROD_DB,44,214,14,24
2026-06-13 18:00:00,DEV_DB,19,80,3,7
2026-06-13 18:00:00,TEST_DB,20,80,7,14
2026-06-13 18:30:00,PROD_DB,61,127,0,23
2026-06-13 18:30:00,DEV_DB,36,87,1,3
2026-06-13 18:30:00,TEST_DB,22,110,4,14
2026-06-13 19:00:00,PROD_DB,59,287,5,35
2026-06-13 19:00:00,DEV_DB,10,54,4,4
2026-06-13 19:00:00,TEST_DB,10,80,4,7
2026-06-13 19:30:00,PROD_DB,74,209,7,10
2026-06-13 19:30:00,DEV_DB,26,86,1,8
2026-06-13 19:30:00,TEST_DB,32,101,7,8
2026-06-13 20:00:00,PROD_DB,38,180,0,30
2026-06-13 20:00:00,DEV_DB,27,69,1,4
2026-06-13 20:00:00,TEST_DB,25,57,6,12
2026-06-13 20:30:00,PROD_DB,58,173,12,26
2026-06-13 20:30:00,DEV_DB,27,71,3,4
2026-06-13 20:30:00,TEST_DB,17,56,0,13
2026-06-13 21:00:00,PROD_DB,63,231,1,36
2026-06-13 21:00:00,DEV_DB,29,76,2,8
2026-06-13 21:00:00,TEST_DB,17,118,2,14
2026-06-13 21:30:00,PROD_DB,62,118,9,29
2026-06-13 21:30:00,DEV_DB,35,55,1,0
2026-06-13 21:30:00,TEST_DB,22,92,2,1
2026-06-13 22:00:00,PROD_DB,67,141,2,26
2026-06-13 22:00:00,DEV_DB,21,62,3,0
2026-06-13 22:00:00,TEST_DB,28,102,2,10
2026-06-13 22:30:00,PROD_DB,60,198,7,29
2026-06-13 22:30:00,DEV_DB,13,36,3,7
2026-06-13 22:30:00,TEST_DB,33,93,5,0
2026-06-13 23:00:00,PROD_DB,59,109,5,25
2026-06-13 23:00:00,DEV_DB,25,87,4,6
2026-06-13 23:00:00,TEST_DB,32,45,7,3
2026-06-13 23:30:00,PROD_DB,50,170,8,23
2026-06-13 23:30:00,DEV_DB,20,55,1,6
2026-06-13 23:30:00,TEST_DB,5,65,0,12
2026-06-14 00:00:00,PROD_DB,54,162,2,29
2026-06-14 00:00:00,DEV_DB,13,55,2,1
2026-06-14 00:00:00,TEST_DB,18,69,0,11
2026-06-14 00:30:00,PROD_DB,60,143,0,22
2026-06-14 00:30:00,DEV_DB,23,55,4,3
2026-06-14 00:30:00,TEST_DB,12,105,1,8
2026-06-14 01:00:00,PROD_DB,57,178,12,32
2026-06-14 01:00:00,DEV_DB,26,77,3,1
2026-06-14 01:00:00,TEST_DB,24,59,2,13
2026-06-14 01:30:00,PROD_DB,37,282,11,17
2026-06-14 01:30:00,DEV_DB,11,45,2,1
2026-06-14 01:30:00,TEST_DB,16,45,4,3
2026-06-14 02:00:00,PROD_DB,56,117,11,29
2026-06-14 02:00:00,DEV_DB,36,80,2,5
2026-06-14 02:00:00,TEST_DB,24,66,4,10
2026-06-14 02:30:00,PROD_DB,71,147,6,36
2026-06-14 02:30:00,DEV_DB,14,40,2,9
2026-06-14 02:30:00,TEST_DB,9,62,4,4
2026-06-14 03:00:00,PROD_DB,43,114,2,38
2026-06-14 03:00:00,DEV_DB,15,46,1,4
2026-06-14 03:00:00,TEST_DB,12,60,0,10
2026-06-14 03:30:00,PROD_DB,72,171,9,33
2026-06-14 03:30:00,DEV_DB,38,64,1,5
2026-06-14 03:30:00,TEST_DB,16,73,0,9
2026-06-14 04:00:00,PROD_DB,51,244,2,39
2026-06-14 04:00:00,DEV_DB,28,30,3,6
2026-06-14 04:00:00,TEST_DB,8,81,4,1
2026-06-14 04:30:00,PROD_DB,55,220,3,27
2026-06-14 04:30:00,DEV_DB,14,48,1,0
2026-06-14 04:30:00,TEST_DB,14,45,7,12
2026-06-14 05:00:00,PROD_DB,45,290,8,21
2026-06-14 05:00:00,DEV_DB,18,31,1,4
2026-06-14 05:00:00,TEST_DB,8,49,4,3
2026-06-14 05:30:00,PROD_DB,42,135,12,19
2026-06-14 05:30:00,DEV_DB,21,43,1,4
2026-06-14 05:30:00,TEST_DB,26,60,3,1
2026-06-14 06:00:00,PROD_DB,64,266,3,33
2026-06-14 06:00:00,DEV_DB,32,36,0,0
2026-06-14 06:00:00,TEST_DB,30,77,5,5
2026-06-14 06:30:00,PROD_DB,56,143,9,32
2026-06-14 06:30:00,DEV_DB,39,35,0,2
2026-06-14 06:30:00,TEST_DB,22,77,7,2
2026-06-14 07:00:00,PROD_DB,44,219,7,30
2026-06-14 07:00:00,DEV_DB,33,99,4,8
2026-06-14 07:00:00,TEST_DB,34,78,7,0
2026-06-14 07:30:00,PROD_DB,52,283,11,34
2026-06-14 07:30:00,DEV_DB,29,77,1,9
2026-06-14 07:30:00,TEST_DB,18,91,1,9
2026-06-14 08:00:00,PROD_DB,60,124,10,32
2026-06-14 08:00:00,DEV_DB,11,86,3,7
2026-06-14 08:00:00,TEST_DB,34,70,7,6
2026-06-14 08:30:00,PROD_DB,74,132,4,11
2026-06-14 08:30:00,DEV_DB,27,76,0,4
2026-06-14 08:30:00,TEST_DB,6,74,2,1
2026-06-14 09:00:00,PROD_DB,52,209,13,33
2026-06-14 09:00:00,DEV_DB,17,59,3,4
2026-06-14 09:00:00,TEST_DB,14,91,0,10
2026-06-14 09:30:00,PROD_DB,36,285,9,13
2026-06-14 09:30:00,DEV_DB,10,76,4,7
2026-06-14 09:30:00,TEST_DB,29,107,1,2
2026-06-14 10:00:00,PROD_DB,52,193,2,35
2026-06-14 10:00:00,DEV_DB,32,83,0,7
2026-06-14 10:00:00,TEST_DB,6,92,0,7
2026-06-14 10:30:00,PROD_DB,52,156,4,35
2026-06-14 10:30:00,DEV_DB,39,83,4,2
2026-06-14 10:30:00,TEST_DB,33,42,1,7
2026-06-14 11:00:00,PROD_DB,46,229,10,21
2026-06-14 11:00:00,DEV_DB,37,31,4,6
2026-06-14 11:00:00,TEST_DB,30,115,7,6
2026-06-14 11:30:00,PROD_DB,74,287,8,24
2026-06-14 11:30:00,DEV_DB,14,42,4,9
2026-06-14 11:30:00,TEST_DB,24,116,0,4
2026-06-14 12:00:00,PROD_DB,49,205,7,16
2026-06-14 12:00:00,DEV_DB,17,57,2,3
2026-06-14 12:00:00,TEST_DB,25,109,0,3
2026-06-14 12:30:00,PROD_DB,45,207,9,38
2026-06-14 12:30:00,DEV_DB,14,52,4,4
2026-06-14 12:30:00,TEST_DB,20,79,4,6
2026-06-14 13:00:00,PROD_DB,50,288,14,13
2026-06-14 13:00:00,DEV_DB,17,60,4,9
2026-06-14 13:00:00,TEST_DB,29,83,3,9
2026-06-14 13:30:00,PROD_DB,71,196,11,18
2026-06-14 13:30:00,DEV_DB,21,98,3,5
2026-06-14 13:30:00,TEST_DB,32,95,2,4
2026-06-14 14:00:00,PROD_DB,68,209,1,22
2026-06-14 14:00:00,DEV_DB,16,87,2,9
2026-06-14 14:00:00,TEST_DB,10,107,4,0
2026-06-14 14:30:00,PROD_DB,41,155,8,17
2026-06-14 14:30:00,DEV_DB,14,80,1,8
2026-06-14 14:30:00,TEST_DB,19,77,6,4
2026-06-14 15:00:00,PROD_DB,63,182,5,28
2026-06-14 15:00:00,DEV_DB,19,41,3,1
2026-06-14 15:00:00,TEST_DB,20,75,0,6
2026-06-14 15:30:00,PROD_DB,46,197,3,14
2026-06-14 15:30:00,DEV_DB,12,38,4,4
2026-06-14 15:30:00,TEST_DB,22,82,2,13
2026-06-14 16:00:00,PROD_DB,68,204,13,13
2026-06-14 16:00:00,DEV_DB,38,70,4,1
2026-06-14 16:00:00,TEST_DB,19,67,1,11
2026-06-14 16:30:00,PROD_DB,39,197,9,10
2026-06-14 16:30:00,DEV_DB,16,46,2,7
2026-06-14 16:30:00,TEST_DB,7,85,1,5
2026-06-14 17:00:00,PROD_DB,73,189,0,39
2026-06-14 17:00:00,DEV_DB,15,52,3,0
2026-06-14 17:00:00,TEST_DB,31,112,3,6
2026-06-14 17:30:00,PROD_DB,57,229,0,33
2026-06-14 17:30:00,DEV_DB,17,60,2,1
2026-06-14 17:30:00,TEST_DB,27,88,3,9
2026-06-14 18:00:00,PROD_DB,50,284,14,22
2026-06-14 18:00:00,DEV_DB,24,56,3,3
2026-06-14 18:00:00,TEST_DB,7,88,3,6
2026-06-14 18:30:00,PROD_DB,55,155,3,21
2026-06-14 18:30:00,DEV_DB,35,82,3,6
2026-06-14 18:30:00,TEST_DB,32,55,4,4
2026-06-14 19:00:00,PROD_DB,49,244,1,14
2026-06-14 19:00:00,DEV_DB,22,48,4,1
2026-06-14 19:00:00,TEST_DB,18,101,3,3
2026-06-14 19:30:00,PROD_DB,54,151,2,22
2026-06-14 19:30:00,DEV_DB,21,36,0,4
2026-06-14 19:30:00,TEST_DB,8,73,1,4
2026-06-14 20:00:00,PROD_DB,44,141,8,22
2026-06-14 20:00:00,DEV_DB,16,98,1,9
2026-06-14 20:00:00,TEST_DB,14,99,7,2
2026-06-14 20:30:00,PROD_DB,55,235,0,37
2026-06-14 20:30:00,DEV_DB,26,59,4,0
2026-06-14 20:30:00,TEST_DB,13,56,4,9
2026-06-14 21:00:00,PROD_DB,65,151,12,17
2026-06-14 21:00:00,DEV_DB,15,72,2,3
2026-06-14 21:00:00,TEST_DB,22,72,4,13
2026-06-14 21:30:00,PROD_DB,67,289,12,20
2026-06-14 21:30:00,DEV_DB,26,65,1,9
2026-06-14 21:30:00,TEST_DB,10,96,0,6
2026-06-14 22:00:00,PROD_DB,61,120,11,25
2026-06-14 22:00:00,DEV_DB,33,49,0,4
2026-06-14 22:00:00,TEST_DB,28,60,1,14
2026-06-14 22:30:00,PROD_DB,40,156,12,28
2026-06-14 22:30:00,DEV_DB,10,94,4,2
2026-06-14 22:30:00,TEST_DB,14,60,2,8
2026-06-14 23:00:00,PROD_DB,74,166,8,22
2026-06-14 23:00:00,DEV_DB,15,84,3,3
2026-06-14 23:00:00,TEST_DB,16,95,6,6
2026-06-14 23:30:00,PROD_DB,40,214,4,22
2026-06-14 23:30:00,DEV_DB,26,95,2,2
2026-06-14 23:30:00,TEST_DB,28,46,5,14
2026-06-15 00:00:00,PROD_DB,54,172,0,36
2026-06-15 00:00:00,DEV_DB,24,31,3,2
2026-06-15 00:00:00,TEST_DB,21,108,6,1
2026-06-15 00:30:00,PROD_DB,41,180,6,13
2026-06-15 00:30:00,DEV_DB,17,74,3,5
2026-06-15 00:30:00,TEST_DB,29,108,5,11
2026-06-15 01:00:00,PROD_DB,38,128,8,13
2026-06-15 01:00:00,DEV_DB,28,53,4,1
2026-06-15 01:00:00,TEST_DB,14,96,2,11
2026-06-15 01:30:00,PROD_DB,52,116,13,33
2026-06-15 01:30:00,DEV_DB,20,52,0,0
2026-06-15 01:30:00,TEST_DB,19,71,3,8
2026-06-15 02:00:00,PROD_DB,49,255,7,37
2026-06-15 02:00:00,DEV_DB,38,64,2,2
2026-06-15 02:00:00,TEST_DB,17,115,3,0
2026-06-15 02:30:00,PROD_DB,55,276,12,10
2026-06-15 02:30:00,DEV_DB,19,76,2,6
2026-06-15 02:30:00,TEST_DB,32,57,7,13
2026-06-15 03:00:00,PROD_DB,66,126,11,27
2026-06-15 03:00:00,DEV_DB,36,68,0,1
2026-06-15 03:00:00,TEST_DB,16,111,5,14
2026-06-15 03:30:00,PROD_DB,68,170,3,27
2026-06-15 03:30:00,DEV_DB,37,67,2,8
2026-06-15 03:30:00,TEST_DB,31,112,5,7
2026-06-15 04:00:00,PROD_DB,69,181,4,23
2026-06-15 04:00:00,DEV_DB,37,59,3,6
2026-06-15 04:00:00,TEST_DB,24,103,0,11
2026-06-15 04:30:00,PROD_DB,46,293,10,23
2026-06-15 04:30:00,DEV_DB,31,60,3,5
2026-06-15 04:30:00,TEST_DB,27,107,6,7
2026-06-15 05:00:00,PROD_DB,59,100,6,34
2026-06-15 05:00:00,DEV_DB,21,34,3,1
2026-06-15 05:00:00,TEST_DB,14,51,6,1
2026-06-15 05:30:00,PROD_DB,36,173,14,39
2026-06-15 05:30:00,DEV_DB,21,46,3,6
2026-06-15 05:30:00,TEST_DB,34,80,6,2
2026-06-15 06:00:00,PROD_DB,73,218,1,15
2026-06-15 06:00:00,DEV_DB,27,74,1,2
2026-06-15 06:00:00,TEST_DB,34,73,3,14
2026-06-15 06:30:00,PROD_DB,48,169,1,14
2026-06-15 06:30:00,DEV_DB,27,61,2,2
2026-06-15 06:30:00,TEST_DB,26,113,2,2
2026-06-15 07:00:00,PROD_DB,46,192,0,16
2026-06-15 07:00:00,DEV_DB,22,95,3,9
2026-06-15 07:00:00,TEST_DB,11,56,3,5
2026-06-15 07:30:00,PROD_DB,53,168,9,18
2026-06-15 07:30:00,DEV_DB,36,50,3,7
2026-06-15 07:30:00,TEST_DB,31,42,3,8
2026-06-15 08:00:00,PROD_DB,71,267,5,12
2026-06-15 08:00:00,DEV_DB,33,69,4,3
2026-06-15 08:00:00,TEST_DB,18,117,4,10
2026-06-15 08:30:00,PROD_DB,40,116,3,17
2026-06-15 08:30:00,DEV_DB,26,31,0,3
2026-06-15 08:30:00,TEST_DB,6,91,3,10
2026-06-15 09:00:00,PROD_DB,60,121,14,20
2026-06-15 09:00:00,DEV_DB,32,96,2,9
2026-06-15 09:00:00,TEST_DB,16,108,3,6
2026-06-15 09:30:00,PROD_DB,73,112,8,34
2026-06-15 09:30:00,DEV_DB,30,41,4,7
2026-06-15 09:30:00,TEST_DB,14,96,7,5
2026-06-15 10:00:00,PROD_DB,50,227,12,12
2026-06-15 10:00:00,DEV_DB,12,34,1,6
2026-06-15 10:00:00,TEST_DB,25,95,1,9
2026-06-15 10:30:00,PROD_DB,68,166,7,20
2026-06-15 10:30:00,DEV_DB,22,95,0,3
2026-06-15 10:30:00,TEST_DB,29,89,7,8
2026-06-15 11:00:00,PROD_DB,46,298,6,26
2026-06-15 11:00:00,DEV_DB,22,40,4,6
2026-06-15 11:00:00,TEST_DB,31,109,5,1
2026-06-15 11:30:00,PROD_DB,56,183,8,24
2026-06-15 11:30:00,DEV_DB,37,66,0,3
2026-06-15 11:30:00,TEST_DB,5,61,1,14
2026-06-15 12:00:00,PROD_DB,39,117,5,31
2026-06-15 12:00:00,DEV_DB,30,66,2,9
2026-06-15 12:00:00,TEST_DB,19,81,2,11
2026-06-15 12:30:00,PROD_DB,52,186,0,25
2026-06-15 12:30:00,DEV_DB,31,64,1,1
2026-06-15 12:30:00,TEST_DB,34,52,0,10
2026-06-15 13:00:00,PROD_DB,39,218,11,30
2026-06-15 13:00:00,DEV_DB,16,74,3,7
2026-06-15 13:00:00,TEST_DB,33,97,4,10
2026-06-15 13:30:00,PROD_DB,60,227,6,19
2026-06-15 13:30:00,DEV_DB,24,82,2,5
2026-06-15 13:30:00,TEST_DB,9,92,6,9
2026-06-15 14:00:00,PROD_DB,65,246,8,38
2026-06-15 14:00:00,DEV_DB,31,80,3,2
2026-06-15 14:00:00,TEST_DB,28,103,4,3
2026-06-15 14:30:00,PROD_DB,45,196,5,35
2026-06-15 14:30:00,DEV_DB,20,56,0,4
2026-06-15 14:30:00,TEST_DB,11,85,1,10
2026-06-15 15:00:00,PROD_DB,70,210,1,36
2026-06-15 15:00:00,DEV_DB,10,92,2,2
2026-06-15 15:00:00,TEST_DB,32,40,0,10
2026-06-15 15:30:00,PROD_DB,72,183,2,28
2026-06-15 15:30:00,DEV_DB,11,93,1,4
2026-06-15 15:30:00,TEST_DB,13,41,1,11
2026-06-15 16:00:00,PROD_DB,72,288,14,19
2026-06-15 16:00:00,DEV_DB,27,65,4,0
2026-06-15 16:00:00,TEST_DB,19,109,7,0
2026-06-15 16:30:00,PROD_DB,37,232,13,35
2026-06-15 16:30:00,DEV_DB,38,55,4,0
2026-06-15 16:30:00,TEST_DB,20,76,2,3
2026-06-15 17:00:00,PROD_DB,65,112,7,25
2026-06-15 17:00:00,DEV_DB,32,50,1,5
2026-06-15 17:00:00,TEST_DB,31,77,1,9
2026-06-15 17:30:00,PROD_DB,72,273,8,20
2026-06-15 17:30:00,DEV_DB,17,37,0,4
2026-06-15 17:30:00,TEST_DB,11,103,5,4
2026-06-15 18:00:00,PROD_DB,42,214,5,30
2026-06-15 18:00:00,DEV_DB,33,49,1,1
2026-06-15 18:00:00,TEST_DB,29,48,6,13
2026-06-15 18:30:00,PROD_DB,60,237,12,31
2026-06-15 18:30:00,DEV_DB,25,65,3,5
2026-06-15 18:30:00,TEST_DB,9,110,6,8
2026-06-15 19:00:00,PROD_DB,74,192,5,37
2026-06-15 19:00:00,DEV_DB,25,67,4,0
2026-06-15 19:00:00,TEST_DB,29,112,0,14
2026-06-15 19:30:00,PROD_DB,61,189,12,28
2026-06-15 19:30:00,DEV_DB,26,72,3,7
2026-06-15 19:30:00,TEST_DB,27,44,1,6
2026-06-15 20:00:00,PROD_DB,70,204,10,35
2026-06-15 20:00:00,DEV_DB,23,95,0,8
2026-06-15 20:00:00,TEST_DB,25,66,0,6
2026-06-15 20:30:00,PROD_DB,44,269,3,34
2026-06-15 20:30:00,DEV_DB,31,96,4,9
2026-06-15 20:30:00,TEST_DB,10,92,1,9
2026-06-15 21:00:00,PROD_DB,52,186,1,21
2026-06-15 21:00:00,DEV_DB,31,66,3,6
2026-06-15 21:00:00,TEST_DB,28,104,0,0
2026-06-15 21:30:00,PROD_DB,35,216,3,22
2026-06-15 21:30:00,DEV_DB,39,32,2,7
2026-06-15 21:30:00,TEST_DB,26,103,3,12
2026-06-15 22:00:00,PROD_DB,60,176,0,33
2026-06-15 22:00:00,DEV_DB,19,64,3,3
2026-06-15 22:00:00,TEST_DB,20,55,2,0
2026-06-15 22:30:00,PROD_DB,49,243,14,34
2026-06-15 22:30:00,DEV_DB,11,40,0,9
2026-06-15 22:30:00,TEST_DB,23,107,2,4
2026-06-15 23:00:00,PROD_DB,69,240,9,20
2026-06-15 23:00:00,DEV_DB,27,70,1,1
2026-06-15 23:00:00,TEST_DB,27,110,2,6
2026-06-15 23:30:00,PROD_DB,37,106,0,35
2026-06-15 23:30:00,DEV_DB,10,77,1,8
2026-06-15 23:30:00,TEST_DB,11,71,3,3
